du_a,du_b,distance_m,theoretical_delta_ns
100003,1000032,10.948687820921737,36.53035037681754
1010,100003,3032.520760725638,10118.02032592383
1010,1000032,3032.2915172115295,10117.255453819613
1010,1011,5006.018103725455,16702.603847406728
1010,1012,4514.868275714475,15063.880047969336
1010,1013,4168.379578793059,13907.818818790854
1010,1014,3790.12418482416,12645.76784979704
1010,1016,3218.1219771820333,10737.27969091912
1010,1017,3600.5042025835774,12013.099853139222
1010,1018,2643.037531697195,8818.507630428463
1010,1019,2892.0917318551637,9649.478185384218
1010,1020,4046.0494225440452,13499.663655129323
1010,1022,4046.4340610320096,13500.947003322603
1010,1023,2651.476776479477,8846.665211853278
1010,1024,5036.947704807148,16805.80061244467
1010,1029,3058.1739109661503,10203.612186965327
1010,1030,1157.5601905844899,3862.205228237767
1010,1032,3000.2596697779345,10010.381038446292
1010,1033,2083.511481001965,6951.64623012479
1010,1034,2650.0399490939753,8841.87123026554
1010,1035,3217.0006094882856,10733.538242133307
1010,1037,2007.2054439279502,6697.05076482587
1010,1038,3468.443051902539,11572.477179038913
1010,1039,1733.4522601159222,5783.671930303504
1010,1040,999.4397077553002,3334.635465177743
1010,1041,3518.0447431364487,11737.973464045319
1010,1042,2306.8231366194937,7696.726659520828
1010,1043,2085.9075024120793,6959.640567259381
1010,1044,3000.6711774126466,10011.754035678896
1010,1045,4725.264090015075,15765.866709743545
1010,1046,3612.4284524116188,12052.885170916454
1010,1047,4512.543671798867,15056.123995653896
1010,1048,1157.2837187919824,3861.2827787520573
1010,1049,1732.951278530646,5782.000402797943
1010,1051,2089.6289620868106,6972.057235635964
1010,1052,1533.0938584620317,5115.175144837611
1010,1054,2314.169537885459,7721.2379632171105
1010,1055,997.3374549529361,3327.6212884373795
1010,1056,999.5713115576098,3335.0745619067684
1010,1057,1999.0863252441104,6669.961285691678
1010,1058,3217.8758127474402,10736.458362081083
1010,1059,3466.547989604933,11566.154294429383
1010,1065,2890.4312899830365,9643.938112969949
1010,1066,2521.8763457540895,8414.252741900666
1010,1071,3218.6227098697045,10738.950387976607
1010,1072,1533.9920612112046,5118.172002696139
1010,1073,4167.367516146014,13904.442066827098
1010,1074,2649.2838086822635,8839.34836408964
1010,1075,1737.8472203099443,5798.335736451398
1010,1076,4585.623042507856,15299.953672870133
1010,1077,2086.7835584415557,6962.563532479499
1010,1078,3607.2015148107544,12035.445468088094
1010,1081,4004.8545768082517,13362.216851177907
1010,1082,4046.1226937291462,13499.908124796195
1010,1083,3519.309562986751,11742.193541651954
1010,1084,4363.597214234834,14559.163412687722
1010,1085,4586.5259054197,15302.96607938417
1010,1086,2644.9343883896254,8824.836502045086
1010,1088,5031.654788663566,16788.140771886363
1010,1089,2523.500261078053,8419.670943308627
1010,1090,4044.522703700153,13494.569750251729
1010,1091,4358.842422718559,14543.29902757608
1010,1092,3790.872035883169,12648.263058507171
1010,1093,2648.464370759214,8836.614305458079
1010,1094,4727.81477371153,15774.37707835172
1010,2001,3000.2596697779345,10010.381038446292
1011,100003,2113.428395886409,7051.4641627206765
1011,1000032,2118.533664046432,7068.497914865557
1011,1012,577.6462653129508,1927.3195848564906
1011,1013,1528.197785612844,5098.83937386883
1011,1014,2084.4104325899925,6954.645586487814
1011,1016,3215.9871639552603,10730.156876163725
1011,1017,3608.433180578102,12039.55492693506
1011,1018,5185.997960382457,17303.10751798231
1011,1019,2889.592564922259,9641.139702709179
1011,1020,1155.3662885795138,3854.8852634853674
1011,1022,2529.1731621577437,8438.598605461724
1011,1023,3457.552885797844,11536.142086654047
1011,1024,576.8077135623275,1924.5217528458975
1011,1029,2084.322086911953,6954.350820701645
1011,1030,4044.8968443050558,13495.818072206908
1011,1032,2005.792075649667,6692.335054663918
1011,1033,3788.617085621612,12640.73940594859
1011,1034,3463.491680264441,11555.95690339091
1011,1035,2311.495625031335,7712.316439922641
1011,1037,2998.8264554850452,10005.5991119597
1011,1038,2648.6563967136244,8837.25500099263
1011,1039,5295.255198813934,17667.644827510725
1011,1040,4586.341676726779,15302.351399450652
1011,1041,1526.0201717608456,5091.5737546183755
1011,1042,3221.3881127520167,10748.177168196871
1011,1043,3789.7605293194974,12644.554511430008
1011,1044,4364.583573161132,14562.454404061697
1011,1045,1525.7793996200762,5090.770417195011
1011,1046,1732.2141143490317,5779.540850906423
1011,1047,579.9600117758121,1935.0394112278236
1011,1048,4044.5304054525295,13494.595447186139
1011,1049,3610.3212815545935,12045.854585062698
1011,1051,3054.113638150847,10190.065066890802
1011,1052,3512.6270392908214,11719.897268709801
1011,1054,3215.9352727730698,10729.983740980962
1011,1055,4587.458829001847,15306.078783471457
1011,1056,5570.901816423441,18587.341113143997
1011,1057,6245.6187054271095,20838.537307939263
1011,1058,2313.502739569158,7719.013187378805
1011,1059,2647.643622141205,8833.875873686387
1011,1065,2888.001787857826,9635.832067265952
1011,1066,2516.798138491246,8397.309278571362
1011,1071,3216.602755612511,10732.210800734068
1011,1072,3511.4734742629057,11716.048393361316
1011,1073,1527.9668297387873,5098.068788467285
1011,1074,2649.1793914616273,8838.999975523118
1011,1075,3605.238984206179,12028.897475142914
1011,1076,999.5017515962641,3334.8424747560775
1011,1077,3056.1663286066414,10196.913878619824
1011,1078,1736.6723762339286,5794.415863455021
1011,1081,1001.1916642926069,3340.4808767192494
1011,1082,1157.2036741079764,3861.015709273014
1011,1083,1529.3258246838705,5102.603081737511
1011,1084,2003.4442653433114,6684.5015741124325
1011,1085,998.1751308948747,3330.416198308019
1011,1086,6083.224797518912,20296.709241236047
1011,1088,577.3643560300549,1926.3789931575484
1011,1089,2516.0202920314455,8394.713990060021
1011,1090,2520.2613538172977,8408.864313417573
1011,1091,2005.9873627657778,6692.9866310804055
1011,1092,2086.645446816013,6962.10272236648
1011,1093,2647.8760673721117,8834.651428334333
1011,1094,1526.1243401210797,5091.921312860949
1011,2001,2005.792075649667,6692.335054663918
1012,100003,1558.8331829150288,5201.05452655985
1012,1000032,1563.1032547742966,5215.301642169007
1012,1013,1000.4441940448252,3337.9869385876373
1012,1014,2002.2628061495825,6680.559629743504
1012,1016,2646.924625665604,8831.476938434693
1012,1017,3512.9368282935293,11720.930881230031
1012,1018,4922.351652259822,16423.450323549358
1012,1019,2648.5095849277195,8836.765162752079
1012,1020,999.601830844662,3335.1763896570433
1012,1022,2528.872335889853,8437.594897149975
1012,1023,2879.9113097057348,9608.838147405791
1012,1024,998.5442616053632,3331.647804726025
1012,1029,1733.9793463323028,5785.430556038214
1012,1030,3608.6387269286183,12040.240733337238
1012,1032,1532.8185194904843,5114.256475014566
1012,1033,3466.1683978903857,11564.887784820256
1012,1034,3213.5072966108232,10721.882786659848
1012,1035,2082.768505725252,6949.167289486098
1012,1037,2515.0244767796994,8391.391447610016
1012,1038,2084.350046556,6954.444108190533
1012,1039,4936.2468864834955,16469.811840386905
1012,1040,4044.9631448275277,13496.039284223882
1012,1041,1151.2507433417795,3841.1537267035083
1012,1042,2892.422786201561,9650.582749827507
1012,1043,3218.007151936428,10736.896575926467
1012,1044,4168.2423879383505,13907.361080834216
1012,1045,1151.0656138044433,3840.5360410982003
1012,1046,1154.5689613193315,3852.22497718843
1012,1047,577.7027771207266,1927.508136779081
1012,1048,3514.604703756882,11726.495755857724
1012,1049,3218.7262335980054,10739.29579540159
1012,1051,2515.083362951813,8391.587921610813
1012,1052,3000.242562552735,10010.32396010588
1012,1054,2646.7805139773113,8830.996109083007
1012,1055,4167.407288071206,13904.574766049705
1012,1056,5134.38868142703,17130.912906740035
1012,1057,5859.85940732651,19551.44952616856
1012,1058,1735.857058556954,5791.695552044609
1012,1059,2517.648088469276,8400.145140823353
1012,1065,2310.35871902655,7708.523147486177
1012,1066,2081.042084497332,6943.407076629048
1012,1071,3056.7062504156333,10198.715330371957
1012,1072,3054.308893650084,10190.716537817436
1012,1073,1527.073017359026,5095.086579097737
1012,1074,2312.528010291119,7715.760998383036
1012,1075,3054.350043565079,10190.853834709751
1012,1076,575.399471440494,1919.8231461299706
1012,1077,2646.5588140094296,8830.256406057613
1012,1078,1531.13497117857,5108.639307851117
1012,1081,577.3210997018904,1926.2346682074078
1012,1082,579.5587416120992,1933.7005713671979
1012,1083,999.2531243608898,3334.012928771208
1012,1084,1530.7805564649036,5107.456801428367
1012,1085,1151.6668793722429,3842.5421666011366
1012,1086,5773.584991430282,19263.59451625385
1012,1088,571.1505451174849,1905.6465827057941
1012,1089,1998.8642859994272,6669.220450667579
1012,1090,2003.3089796321985,6684.050192676706
1012,1091,2085.8671160411923,6959.50581793571
1012,1092,1532.429031285299,5112.9569457161
1012,1093,2083.5500810918847,6951.775019513291
1012,1094,1729.400996002373,5770.154867806373
1012,2001,1532.8185194904843,5114.256475014566
1013,100003,1176.5781669311225,3925.6587991828587
1013,1000032,1173.6226695876321,3915.7977678646453
1013,1014,2647.79833024987,8834.392058046386
1013,1016,1732.8025393093696,5781.504133659862
1013,1017,4040.442065989438,13480.95468260422
1013,1018,5121.27485471606,17087.158559884225
1013,1019,3003.051102872211,10019.694668595881
1013,1020,1731.3416960224808,5776.630022899877
1013,1022,3226.266190695833,10764.45289907601
1013,1023,2074.726300954658,6922.334433999022
1013,1024,1998.9873555720658,6669.631072897634
1013,1029,2000.8847378609792,6675.961698169489
1013,1030,3466.883192521634,11567.272700597749
1013,1032,1530.9367367239574,5107.9778976253265
1013,1033,3606.9258054858847,12034.525562579382
1013,1034,3510.7810335258737,11713.738061461028
1013,1035,2516.6667719733973,8396.870973543098
1013,1037,2307.6451791843997,7699.469408552661
1013,1038,1156.7389737896792,3859.4652343918897
1013,1039,4935.96051745291,16468.85636871802
1013,1040,3515.3796052046782,11729.081218322131
1013,1041,1522.3159949750905,5079.2147506852525
1013,1042,3058.5513654284114,10204.871565621765
1013,1043,2519.0296832907707,8404.754838691582
1013,1044,4513.261457578987,15058.518891414205
1013,1045,571.4322352064153,1906.5864430629997
1013,1046,575.3975802573383,1919.816836188137
1013,1047,1527.4699209879714,5096.410849993789
1013,1048,3057.304761303001,10200.71226487018
1013,1049,3217.787026595452,10736.162126651432
1013,1051,2078.751738668906,6935.765326588774
1013,1052,2645.1578641776755,8825.582130103145
1013,1054,2000.278634063265,6673.939429888817
1013,1055,4044.026125476813,13492.912914584767
1013,1056,4935.431078084872,16467.089891681317
1013,1057,5774.047432256598,19265.137452328945
1013,1058,1002.5657217130457,3345.065426012049
1013,1059,3055.4155291365855,10194.408832521836
1013,1065,1528.2132584708197,5098.89099913502
1013,1066,2079.839809068237,6939.395678789177
1013,1071,3513.4348142907106,11722.592413941285
1013,1072,2886.0035146125515,9629.16481882555
1013,1073,2308.76138760635,7703.19364340293
1013,1074,2519.5205134471516,8406.392495905066
1013,1075,2515.347950080863,8392.470717858865
1013,1076,576.9896356538825,1925.128736792694
1013,1077,2646.5537423096093,8830.239484306398
1013,1078,2083.8862201833385,6952.89654923329
1013,1081,1153.5178362179754,3848.7178931551234
1013,1082,575.3454164873481,1919.6427915148497
1013,1083,989.5845137657521,3301.75356230882
1013,1084,579.9431692924746,1934.9832161999266
1013,1085,2078.826515284284,6936.014819131116
1013,1086,5859.396792197385,19549.90600853129
1013,1088,1148.950195389687,3833.477937227803
1013,1089,1730.1190627913445,5772.5507011540885
1013,1090,1002.8666570192671,3346.0694981307206
1013,1091,2889.6346294118225,9641.280051084008
1013,1092,581.0329914264765,1938.6194130716124
1013,1093,1529.6666373540347,5103.7402048756985
1013,1094,2642.9735654550163,8818.294206749088
1013,2001,1530.9367367239574,5107.9778976253265
1014,100003,2098.4744863507394,7001.5703705351525
1014,1000032,2109.1143814985476,7037.070432650296
1014,1016,3607.2267946117554,12035.529814267575
1014,1017,1527.2345950589909,5095.625683882651
1014,1018,3201.9825873931604,10683.430538080098
1014,1019,999.383163608433,3334.4468053556157
1014,1020,1002.66172315991,3345.385735308286
1014,1022,586.5158172879908,1956.912888331128
1014,1023,3506.455365732323,11699.305449745661
1014,1024,1733.1671912787294,5782.720796736223
1014,1029,1002.017772080416,3343.237189387148
1014,1030,2647.035134859188,8831.845652898703
1014,1032,1530.2187943418419,5105.582479361694
1014,1033,2000.8835574850427,6675.957759839413
1014,1034,1524.650583176683,5087.004115619632
1014,1035,579.4149509229117,1933.2208130305958
1014,1037,2080.546982710316,6941.755167099093
1014,1038,3218.0907482813473,10737.175495539492
1014,1039,3513.163494807778,11721.687155161633
1014,1040,3787.4731539372,12636.922672297746
1014,1041,1161.5586429746027,3875.546084161774
1014,1042,1533.87545892944,5117.782958613664
1014,1043,3516.061706018539,11731.357051018269
1014,1044,2312.671437652569,7716.239544474866
1014,1045,3052.032988013236,10183.122967546873
1014,1046,2312.529959380851,7715.767501530444
1014,1047,1528.0887145244546,5098.475457649826
1014,1048,3216.373973506501,10731.447468120226
1014,1049,2084.795737639062,6955.931158665473
1014,1051,2517.9475869336516,8401.14441891219
1014,1052,2646.6035054025374,8830.405519108946
1014,1054,3001.7444603320246,10015.33504938023
1014,1055,3059.359515601427,10207.56796262022
1014,1056,4042.29826071036,13487.147885354352
1014,1057,4507.064404380639,15037.84239315778
1014,1058,2649.8719753716405,8841.310785120759
1014,1059,576.9062529137641,1924.8505298731322
1014,1065,3056.1317610492515,10196.7985437958
1014,1066,1529.4781656908349,5103.111368251128
1014,1071,1154.0247180827628,3850.409106972085
1014,1072,2307.674684949766,7699.567854682881
1014,1073,579.1169697997115,1932.226597558
1014,1074,1155.2624759884657,3854.5388922684197
1014,1075,3054.9022484691714,10192.696269068667
1014,1076,2516.121516603282,8395.051726338233
1014,1077,1731.3710157135588,5776.727848192327
1014,1078,577.8357372281504,1927.951758826743
1014,1081,1530.6973950990446,5107.179333125102
1014,1082,2085.517635952523,6958.339775913358
1014,1083,1745.1861015218408,5822.821949450559
1014,1084,3218.9228173357933,10739.951698002633
1014,1085,1157.679526410051,3862.6033928024676
1014,1086,4161.218471965753,13883.925750893948
1014,1088,2514.706471185454,8390.330420392
1014,1089,2001.096273144798,6676.667486676875
1014,1090,3467.64277543766,11569.807052706103
1014,1091,573.5201425913478,1913.552756248054
1014,1092,2892.912053764165,9652.215193439222
1014,1093,2517.0826791931167,8398.258650012564
1014,1094,999.1361674656764,3333.622701519229
1014,2001,1530.2187943418419,5105.582479361694
1016,100003,1510.4939906447823,5039.770575510473
1016,1000032,1499.9224715074442,5004.498650288143
1016,1017,4614.633468053774,15396.74709936165
1016,1018,5024.28712044465,16763.558510897714
1016,1019,3467.272059266333,11568.57015639027
1016,1020,2999.6501060175337,10008.347225983223
1016,1022,4172.886104351998,13922.854863323564
1016,1023,573.7431520323357,1914.2968283368625
1016,1024,3604.9499119751995,12027.932984232717
1016,1029,2645.477790835523,8826.64956695925
1016,1030,3001.969254881535,10016.08507749234
1016,1032,2080.964905175962,6943.149567446431
1016,1033,3605.7809375430725,12030.705705097811
1016,1034,3785.191955892858,12629.311443883737
1016,1035,3213.5416947091257,10721.9975560828
1016,1037,2081.018925113849,6943.32980523297
1016,1038,576.0778635540511,1922.0866047294346
1016,1039,4511.642796164275,15053.118219700114
1016,1040,2312.5813689697493,7715.939029874835
1016,1041,2512.948930449244,8384.466377143584
1016,1042,3214.054870011556,10723.709767985187
1016,1043,1154.5015672457962,3852.0001165329945
1016,1044,4727.999109191223,15774.992114579825
1016,1045,2079.1625519040113,6937.136006953699
1016,1046,1528.1256986141552,5098.598855245705
1016,1047,3054.8468411548884,10192.511402294009
1016,1048,2082.827783136426,6949.365068857932
1016,1049,3056.260915565129,10197.229468468684
1016,1051,1524.1752352580722,5085.418114968069
1016,1052,1998.4726935742706,6667.9139006289015
1016,1054,999.0879354996737,3333.4617753291445
1016,1055,3511.6233269076565,11716.548377442256
1016,1056,4165.331858638037,13897.650085611642
1016,1057,5132.412016021902,17124.31775296379
1016,1058,997.3539609732344,3327.676360854703
1016,1059,3785.511682020014,12630.37821166821
1016,1065,577.9090952606646,1928.1965182604329
1016,1066,2307.2267056139062,7698.073169441307
1016,1071,4042.8259005983673,13488.90835841715
1016,1072,2516.510764836304,8396.350454968406
1016,1073,3511.4015949442464,11715.808567663624
1016,1074,2888.867177824207,9638.71944511447
1016,1075,1526.0548719967444,5091.689532124893
1016,1076,2309.784661462839,7706.60780162174
1016,1077,2646.7480144479186,8830.887674244495
1016,1078,3055.419273564432,10194.42132582363
1016,1081,2516.007337225788,8394.670766287687
1016,1082,2080.347774292558,6941.090507240511
1016,1083,1991.3344505305981,6644.097117857734
1016,1084,1526.6024170988333,5093.516419031668
1016,1085,3509.7907404590374,11710.433943807939
1016,1086,5507.297605397224,18375.125352476418
1016,1088,2881.743969977035,9614.952827349842
1016,1089,1730.9959739118399,5775.476519389567
1016,1090,998.0712664534531,3330.069654092047
1016,1091,4042.1187129203663,13486.548823276311
1016,1092,1151.7845742642155,3842.934856182906
1016,1093,1156.315211712187,3858.051350151112
1016,1094,3997.2709098239766,13336.913909253917
1016,2001,2080.964905175962,6943.149567446431
1017,100003,3215.2141176913865,10727.577603529535
1017,1000032,3225.151192286805,10760.732701439765
1017,1018,1982.7952147244052,6615.605915893384
1017,1019,1147.3850829608166,3828.2559319664515
1017,1020,2518.227087502833,8402.076973926061
1017,1022,1149.0890854002573,3833.941344426269
1017,1023,4348.763336353221,14509.670106702073
1017,1024,3217.202287126503,10734.211140558007
1017,1029,2079.108060067586,6936.954194675382
1017,1030,2509.0125431456095,8371.332601683676
1017,1032,2641.9209088445473,8814.782012828147
1017,1033,1520.804265045637,5074.170856393872
1017,1034,992.3354125566618,3310.9319495572963
1017,1035,1526.2281808661508,5092.267778013932
1017,1037,2639.771352317469,8807.610006979292
1017,1038,4357.190722445943,14537.788121551264
1017,1039,2638.911148447973,8804.739932568355
1017,1040,3992.408448771493,13320.690284208966
1017,1041,2521.031795659071,8411.434896384708
1017,1042,1524.7705636262133,5087.4044309753535
1017,1043,4160.4756310293415,13881.447258482327
1017,1044,997.6568654547515,3328.6870031363637
1017,1045,4503.4133862005165,15025.660753171924
1017,1046,3605.340990976998,12029.23782123185
1017,1047,3055.2986275331577,10194.01878975117
1017,1048,3505.5885774863823,11696.413406530564
1017,1049,1994.3740612334989,6654.238793810345
1017,1051,3211.2986153582788,10714.513510875768
1017,1052,3049.590864743007,10174.974811330896
1017,1054,3781.5353756931854,12617.111246192491
1017,1055,2642.6858733723916,8817.334320710614
1017,1056,3456.302757883777,11531.971028764401
1017,1057,3595.3910030123293,11996.03963780206
1017,1058,3784.561327505871,12627.207349191202
1017,1059,999.537142730574,3334.960557448517
1017,1065,4036.726997484348,13468.559338396351
1017,1066,2307.41643497744,7698.706202389185
1017,1071,571.8457602282278,1907.9661713175149
1017,1072,2508.4213351231483,8369.360033229872
1017,1073,2084.3121674305407,6954.317724303475
1017,1074,1725.776696005019,5758.062373167788
1017,1075,3599.1673306509383,12008.639373408043
1017,1076,3997.5061225730474,13337.698697739734
1017,1077,2074.650761664237,6922.082396787674
1017,1078,1997.211596400091,6663.706243749329
1017,1081,3001.1238722508606,10013.264454217102
1017,1082,3512.8903316924084,11720.77574509335
1017,1083,3064.7279241759784,10225.479684043084
1017,1084,4583.175236739918,15291.786556972802
1017,1085,2650.3048087180464,8842.754935694562
1017,1086,2991.6817622233825,9981.76080800471
1017,1088,4038.653352619534,13474.98663171127
1017,1089,2883.6495942289866,9621.31095197162
1017,1090,4724.430580935443,15763.085702629334
1017,1091,1729.769215988364,5771.383435587646
1017,1092,4164.899598932368,13896.207848992955
1017,1093,3458.3230442945896,11538.711724239112
1017,1094,2313.356302287004,7718.524598671846
1017,2001,2641.9209088445473,8814.782012828147
1018,100003,4019.631724465315,13411.520876492335
1018,1000032,4026.447900520383,13434.263081183375
1018,1019,2296.441162006334,7662.0871505289615
1018,1020,4030.648256081024,13448.277588021741
1018,1022,3037.2421006551326,10133.773099652833
1018,1023,4572.2185251256315,15255.229435170242
1018,1024,4921.055518990413,16419.12576856697
1018,1029,3202.44571025927,10684.975749784297
1018,1030,2072.392424782044,6914.547444752805
1018,1032,3591.5954324650766,11983.375698137426
1018,1033,1516.0504796750668,5058.3098282922865
1018,1034,1722.5134792546617,5747.174634545972
1018,1035,2874.526288127489,9590.870996614978
1018,1037,2991.6818603678435,9981.761135464183
1018,1038,4991.515660799933,16654.216375770466
1018,1039,1000.0232174929741,3336.582348266763
1018,1040,3456.7978132604167,11533.62278344591
1018,1041,3779.4237761529203,12610.065884015481
1018,1042,2067.138416538912,6897.017420594336
1018,1043,4157.979395492359,13873.118556424095
1018,1044,985.1744746241652,3287.039445178747
1018,1045,5669.826788928036,18917.40476695504
1018,1046,4574.347932027143,15262.334211695004
1018,1047,4606.046452735361,15368.096480821474
1018,1048,3207.3318343627934,10701.278326714588
1018,1049,1988.549898806917,6634.806447434738
1018,1051,3506.282699510694,11698.729348054068
1018,1052,3048.1327509263765,10170.109807461755
1018,1054,4033.6130049350295,13458.169487049963
1018,1055,1729.8257161425252,5771.571948627894
1018,1056,1999.850149846483,6672.509790207241
1018,1057,1735.3681642527622,5790.064353811408
1018,1058,4499.948129098934,15014.098905931685
1018,1059,2633.3088440633014,8786.047816632912
1018,1065,4499.476106850774,15012.524001395821
1018,1066,3046.7938178409777,10165.642450684329
1018,1071,2070.0059424264946,6906.584934720348
1018,1072,2507.7802617747434,8367.221088872566
1018,1073,3774.789310594831,12594.602967050876
1018,1074,2632.21977340001,8782.41412704692
1018,1075,3598.3257541266325,12005.831449225288
1018,1076,5278.165766071676,17610.625851718687
1018,1077,2505.7602433740544,8360.481287614943
1018,1078,3449.3583367375736,11508.80093370057
1018,1081,4348.6049914465675,14509.141788147826
1018,1082,4716.022784823033,15735.033049845111
1018,1083,4161.627828071367,13885.29156953921
1018,1084,5558.896584947952,18547.28559970462
1018,1085,4348.735126519664,14509.575984454661
1018,1086,1008.9084659006489,3366.2280229655316
1018,1088,5491.178530587856,18321.34398066571
1018,1089,3503.94634443637,11690.934087940193
1018,1090,5497.8888171644585,18343.732884594796
1018,1091,3588.2686285164045,11972.275800517937
1018,1092,5025.766517386278,16768.49452601733
1018,1093,3988.380077813673,13307.249604837712
1018,1094,4151.354159956604,13851.013425708104
1018,2001,3591.5954324650766,11983.375698137426
1019,100003,2085.984773569788,6959.89838285439
1019,1000032,2095.6021699559296,6991.986872858383
1019,1020,1734.23119806501,5786.270860574181
1019,1022,1154.4004444407494,3851.6627198001743
1019,1023,3212.251083197109,10717.691424470915
1019,1024,2646.314808829252,8829.442281582476
1019,1029,1002.1791291625466,3343.7755580795824
1019,1030,1734.5327236725745,5787.276902236165
1019,1032,1528.872322057339,5101.089968009642
1019,1033,1001.5231303299989,3341.5868147715523
1019,1034,573.9408951460072,1914.9565992012047
1019,1035,578.1126482658894,1928.8756738563127
1019,1037,1529.6099654961065,5103.5511189449935
1019,1038,3219.25966002651,10741.07557528501
1019,1039,2518.357319606969,8402.511493977434
1019,1040,3057.6734768138667,10201.942485972617
1019,1041,1535.0698451200844,5121.768033970923
1019,1042,585.278047213459,1952.783062433436
1019,1043,3061.011215379323,10213.078866994401
1019,1044,1529.1999526190154,5102.183108978491
1019,1045,3509.0356982597086,11707.914741823017
1019,1046,2521.5407030468496,8413.132868369019
1019,1047,2309.635445153412,7706.109940676715
1019,1048,2519.9749896207304,8407.908857877412
1019,1049,1159.14095985346,3867.479472622563
1019,1051,2086.425264974761,6961.368084577996
1019,1052,2003.322894591134,6684.096620005141
1019,1054,2649.504356274584,8840.08422220835
1019,1055,2087.3020682002402,6964.293542821228
1019,1056,3056.764147049294,10198.908502772874
1019,1057,3510.237407175048,11711.924249486978
1019,1058,2650.5520539336703,8843.579870563786
1019,1059,574.4728695586938,1916.7315344267581
1019,1065,2889.363588097213,9640.37572041432
1019,1066,1160.049619168508,3870.5112188641933
1019,1071,575.5613266664119,1920.3631768815826
1019,1072,1528.0228959861827,5098.255853775491
1019,1073,1528.2257482760851,5098.9326714312765
1019,1074,578.4073811588162,1929.85905159274
1019,1075,2518.8825344080656,8404.263875725912
1019,1076,3055.0924870985496,10193.331001184519
1019,1077,1001.4693114064953,3341.4072476704855
1019,1078,1152.9307270300328,3846.759000482706
1019,1081,2084.919525549847,6956.344177634263
1019,1082,2520.676119068255,8410.248179702685
1019,1083,2013.4875741680155,6718.011123047415
1019,1084,3516.7963308296657,11733.808130287756
1019,1085,2083.4497377976268,6951.440223622025
1019,1086,3212.4970459947517,10718.512080546283
1019,1088,3211.6983903190535,10715.84736198449
1019,1089,1736.2830039040296,5793.116720775012
1019,1090,3609.6183329666587,12043.509193666563
1019,1091,1521.9153836958217,5077.878109195792
1019,1092,3061.749110776714,10215.54085859093
1019,1093,2310.9593720993885,7710.5272293966855
1019,1094,1998.5064003345099,6668.02636339903
1019,2001,1528.872322057339,5101.089968009642
1020,100003,1552.5831132370984,5180.201138560419
1020,1000032,1561.898463262577,5211.281849407173
1020,1022,1540.275729016399,5139.137491011245
1020,1023,3047.026322664607,10166.418204163685
1020,1024,999.0723513645045,3333.4097787860555
1020,1029,1001.5812017859562,3341.780570467916
1020,1030,3002.0774494374728,10016.446069156538
1020,1032,1158.1605924521004,3864.208472000805
1020,1033,2647.612834630094,8833.77315100523
1020,1034,2308.1365116584852,7701.108741751617
1020,1035,1156.1314327467271,3857.438170735464
1020,1037,2079.148763509961,6937.090001909622
1020,1038,2517.942849783132,8401.12861338635
1020,1039,4166.108824589919,13900.24243630401
1020,1040,3787.6463144122895,12637.500423068423
1020,1041,577.962861652027,1928.375910087754
1020,1042,2087.8986123272366,6966.283915213869
1020,1043,3217.134763510848,10733.985847684658
1020,1044,3219.675817888814,10742.464088024679
1020,1045,2076.1941405588736,6927.231888005929
1020,1046,1527.4592926248476,5096.375388408328
1020,1047,575.4064665373513,1919.846485304792
1020,1048,3215.998739069094,10730.195496587552
1020,1049,2520.3559995254636,8409.180099285022
1020,1051,2307.9585475889726,7700.514963764693
1020,1052,2645.344766614174,8826.205730995165
1020,1054,2645.707543061024,8827.416136381511
1020,1055,3516.0266590179604,11731.240116529701
1020,1056,4511.1089481977715,15051.337033353102
1020,1057,5131.071664167341,17119.845662456126
1020,1058,2002.3117437537044,6680.722910298619
1020,1059,1528.896009881967,5101.16900255218
1020,1065,2515.8741872212136,8394.226510647255
1020,1066,1527.0353466259385,5094.960890512844
1020,1071,2083.3858835448605,6951.227173595869
1020,1072,2514.751204817288,8390.479674373048
1020,1073,577.4207213271792,1926.567056246635
1020,1074,1529.7255067576666,5103.936622928376
1020,1075,2885.063932766482,9626.029899408173
1020,1076,1524.349397533912,5085.99920825184
1020,1077,1999.707231634421,6672.032942894829
1020,1078,581.3066760927488,1939.532563297029
1020,1081,577.8239378054529,1927.9123899952965
1020,1082,1155.9968437409334,3856.9891138604366
1020,1083,1008.3618937648329,3364.404382365476
1020,1084,2311.2835152414773,7711.608734573051
1020,1085,576.1767365131988,1922.416494840426
1020,1086,4932.555631577712,16457.495950369408
1020,1088,1522.699680837952,5080.494920440224
1020,1089,1730.5274131824665,5773.913164228036
1020,1090,2647.1831606103497,8832.339541540261
1020,1091,1158.302292302834,3864.6812542446964
1020,1092,2085.5048891369206,6958.297246100858
1020,1093,2081.162853837729,6943.810024122998
1020,1094,997.6319198852852,3328.6037721220305
1020,2001,1158.1605924521004,3864.208472000805
1022,100003,2669.289891742746,8906.098757910406
1022,1000032,2679.9295701322076,8941.598096810265
1022,1023,4043.2695893430105,13490.388728080177
1022,1024,2092.657184790189,6982.160915472563
1022,1029,1536.8353025207352,5127.658491208902
1022,1030,2888.8818719992687,9638.768472301317
1022,1032,2091.9234233805023,6979.712716946195
1022,1033,2081.493568140675,6944.913454009652
1022,1034,1523.0814656301218,5081.768747263549
1022,1035,1008.5497975013429,3365.031324099874
1022,1037,2520.901116253868,8410.998883911141
1022,1038,3797.9884650350104,12672.007059121728
1022,1039,3509.6508457214086,11709.967184332738
1022,1040,4167.93870123662,13906.347828670994
1022,1041,1748.0647929873767,5832.426717581936
1022,1042,1739.6334486882572,5804.295496157771
1022,1043,4010.0856076451787,13379.670211108376
1022,1044,2078.806694196216,6935.948685973991
1022,1045,3612.640893156418,12053.59398049882
1022,1046,2899.029969985995,9672.62765078707
1022,1047,2010.8561808453633,6709.231466377323
1022,1048,3611.0501351946086,12048.286408791591
1022,1049,2313.5045619200755,7719.01926766154
1022,1051,3007.7353047633696,10035.323531078635
1022,1052,3060.464941876969,10211.25622278635
1022,1054,3520.237342446245,11745.28908234889
1022,1055,3218.802723384582,10739.551003948
1022,1056,4162.594872132166,13888.518116770128
1022,1057,4503.231749142609,15025.054720241285
1022,1058,3227.018375460078,10766.962567214823
1022,1059,580.0119418201662,1935.2126760743847
1022,1065,3614.272973127099,12059.039423290424
1022,1066,2008.4505908281635,6701.205203538469
1022,1071,995.2450301654361,3320.6399029166005
1022,1072,2647.2186816360672,8832.458057616015
1022,1073,1012.5124311972668,3378.2526707758166
1022,1074,1531.9768253775903,5111.448158496913
1022,1075,3517.159272511127,11735.019086980192
1022,1076,3064.624168254731,10225.133501905206
1022,1077,2084.5526528955797,6955.120105231866
1022,1078,1164.3293663671802,3884.7906162905183
1022,1081,2094.7394355083884,6989.10835516144
1022,1082,2659.410476772249,8873.136041620275
1022,1083,2331.689129376813,7779.69216577597
1022,1084,3799.9567144932057,12678.574133049937
1022,1085,1541.2528421689935,5142.397633816109
1022,1086,4033.8959074881946,13459.113392800009
1022,1088,3008.7903910563464,10038.843831647126
1022,1089,2524.85076498018,8424.176906172568
1022,1090,4054.134151716492,13526.638393490828
1022,1091,580.8022198605994,1937.8494426152083
1022,1092,3479.4061347645234,11609.055558540525
1022,1093,3062.723667882723,10218.792473133879
1022,1094,1164.3958693301004,3885.0125037510347
1022,2001,2091.9234233805023,6979.712716946195
1023,100003,1494.6750632515416,4986.990647019292
1023,1000032,1485.2797611524234,4955.643175688436
1023,1024,3777.2267019063074,12602.73533506337
1023,1029,2509.32541547325,8372.376501732599
1023,1030,2517.108171973942,8398.343706800266
1023,1032,1990.9592740852336,6642.845339815793
1023,1033,3211.2768976506836,10714.44104963833
1023,1034,3459.1606061430566,11541.506253436328
1023,1035,3047.42452227549,10167.7467991098
1023,1037,1727.638482968587,5764.274234462816
1023,1038,992.7319732218763,3312.2550761531857
1023,1039,4001.900879077966,13352.361824277938
1023,1040,1738.902552017795,5801.856855847814
1023,1041,2506.33822556773,8362.40972802642
1023,1042,2880.826493035809,9611.891661055413
1023,1043,580.8991339785247,1938.1727970428965
1023,1044,4357.020053115776,14537.218682497785
1023,1045,2506.080970800425,8361.551396239136
1023,1046,1725.3561262779924,5756.6591402199265
1023,1047,3206.0514492000902,10697.006315367124
1023,1048,1529.7153665819665,5103.902790182638
1023,1049,2643.447362011016,8819.875031271724
1023,1051,1147.7969436734006,3829.6301072450997
1023,1052,1524.1207835398084,5085.2364365441945
1023,1054,572.1984557310514,1909.1429415848934
1023,1055,2998.8958746121875,10005.830729216384
1023,1056,3609.0658618685525,12041.66587115002
1023,1057,4584.583093808422,15296.483878956415
1023,1058,1144.0745325794994,3817.2102644538095
1023,1059,3598.79716668139,12007.40431951614
1023,1065,569.5554278075138,1900.3244660121366
1023,1066,2073.896684881385,6919.566415919541
1023,1071,3781.992616785628,12618.636833330127
1023,1072,2079.2592549359974,6937.45865709212
1023,1073,3503.9365629144886,11690.901451844673
1023,1074,2641.9410143366185,8814.84909490062
1023,1075,998.3955754334052,3331.151712587254
1023,1076,2637.800866902011,8801.035472768759
1023,1077,2306.1091787562877,7694.344535623994
1023,1078,2992.503075323566,9984.501123173935
1023,1081,2637.344913748295,8799.514182844972
1023,1082,2300.3587482034186,7675.158196005062
1023,1083,2067.428691401471,6897.985924090673
1023,1084,1992.7681194288512,6648.880561137342
1023,1085,3595.8478922740883,11997.564051054904
1023,1086,4999.342454095138,16680.330509818057
1023,1088,3201.171750351892,10680.725176332598
1023,1089,1520.8898903480817,5074.456545633586
1023,1090,1520.1358908176596,5071.940822518562
1023,1091,3992.5224505008114,13321.070651535507
1023,1092,1518.335699226294,5065.934474483656
1023,1093,993.6374871335117,3315.276327740971
1023,1094,4031.0462622466885,13449.605537536938
1023,2001,1990.9592740852336,6642.845339815793
1024,100003,2337.973944665338,7800.661482674811
1024,1000032,2345.142510201246,7824.579436589389
1024,1029,2000.6533510466022,6675.189674933461
1024,1030,4001.1249440143706,13349.77291314937
1024,1032,2084.950804789887,6956.4485409713925
1024,1033,3606.422452762433,12032.846123759718
1024,1034,3212.1671024412785,10717.41122226901
1024,1035,2082.3175691988,6947.662737563673
1024,1037,3051.671939745818,10181.918328239639
1024,1038,3056.077739943308,10196.618302112034
1024,1039,5133.289149569796,17127.24431332937
1024,1040,4726.990244974702,15771.626034195131
1024,1041,1525.7224328874502,5090.580347413436
1024,1042,3060.51423602064,10211.42069293741
1024,1043,4043.264094799275,13490.370395508176
1024,1044,4045.809464892409,13498.863035252927
1024,1045,2078.283075687718,6934.201630263564
1024,1046,2080.24642230554,6940.752345840925
1024,1047,577.341057810719,1926.3012585349693
1024,1048,4164.064000982094,13893.419872351651
1024,1049,3514.6483061297895,11726.64123538784
1024,1051,3211.8945236626314,10716.501761843056
1024,1052,3604.2320533828006,12025.537845533881
1024,1054,3463.369592320606,11555.549556370152
1024,1055,4512.471427568489,15055.882952426471
1024,1056,5508.439257513421,18378.934480336782
1024,1057,6108.443356525949,20380.851086504947
1024,1058,2647.8146666655125,8834.446564576947
1024,1059,2310.0624942650356,7707.534792122923
1024,1065,3213.5604196646123,10722.060031988214
1024,1066,2515.1024283650954,8391.651533455328
1024,1071,2887.1786289280753,9633.085593477363
1024,1072,3509.141525290338,11708.267834227465
1024,1073,1154.053356525165,3850.504659275001
1024,1074,2517.6644522275005,8400.199738582574
1024,1075,3783.45724971553,12623.523588252532
1024,1076,1525.1852357431867,5088.787986518474
1024,1077,2998.7599213331505,10005.377120437019
1024,1078,1530.2650807552918,5105.736914206185
1024,1081,1154.2273573408315,3851.0852138461164
1024,1082,1528.3839592307947,5099.460543054206
1024,1083,1735.2827608951804,5789.779405091813
1024,1084,2518.6045670970266,8403.336436435318
1024,1085,575.4947248776481,1920.1409596881567
1024,1086,5858.041948817369,19545.385566978184
1024,1088,1154.1303849518044,3850.7616649966126
1024,1089,2643.212753546146,8819.092258983093
1024,1090,3001.849332393283,10015.684955524708
1024,1091,1533.3054058670111,5115.880973787308
1024,1092,2520.013259624441,8408.036545931665
1024,1093,2886.245388699131,9629.97183289649
1024,1094,998.7053450918344,3332.1852605652048
1024,2001,2084.950804789887,6956.4485409713925
1029,100003,1163.2384420169408,3881.150741868974
1029,1000032,1173.705208892335,3916.0731606578242
1029,1030,2000.5440032336203,6674.824835421503
1029,1032,577.0181383162923,1925.2238360650024
1029,1033,1732.2332940562596,5779.604844093243
1029,1034,1525.18539287524,5088.788510790338
1029,1035,576.6166292971441,1923.8841992620507
1029,1037,1151.2302762792508,3841.0854382494413
1029,1038,2311.032616594798,7710.771610013272
1029,1039,3215.8088125927197,10729.56180597172
1029,1040,2886.93468626604,9632.271677594314
1029,1041,582.740812830198,1944.3175675244006
1029,1042,1158.4920795089622,3865.314480184672
1029,1043,2518.7876407377025,8403.94726253138
1029,1044,2519.757697225866,8407.183860740912
1029,1045,2511.831997175766,8380.739723822653
1029,1046,1529.7798790404454,5104.118036315366
1029,1047,1527.4773808885027,5096.435739988338
1029,1048,2309.581991863679,7705.931593514509
1029,1049,1529.6614755072444,5103.722982348679
1029,1051,1526.5740672060429,5093.42182947594
1029,1052,1730.7573246940196,5774.680265108988
1029,1054,1999.7430210257016,6672.152354373596
1029,1055,2519.067181676185,8404.879952237621
1029,1056,3512.1933202659848,11718.450163065589
1029,1057,4161.354061464369,13884.378145918161
1029,1058,1734.0580174691386,5785.693042670417
1029,1059,1154.5042417184964,3852.009039924218
1029,1065,2080.7834131252102,6942.544018332875
1029,1066,576.4007814689359,1923.1640219292517
1029,1071,1528.5268106058854,5099.937167364738
1029,1072,1524.190445331882,5085.468863453607
1029,1073,1155.5381514190694,3855.458684688749
1029,1074,578.5675953058553,1930.3936068766598
1029,1075,2079.4193929558796,6937.992958377409
1029,1076,2080.2585606681205,6940.792845546946
1029,1077,998.1821413008751,3330.439588561871
1029,1078,576.5324907383799,1923.6034705498869
1029,1081,1156.6599364039544,3859.2015257684798
1029,1082,1529.7291441219259,5103.948759011988
1029,1083,1011.3138477732814,3374.2535913290208
1029,1084,2519.1515300846827,8405.161381114447
1029,1085,1528.4213989211223,5099.585460763802
1029,1086,4039.6381514786694,13478.272417913537
1029,1088,2305.117605956581,7691.036148135933
1029,1089,999.1070415020604,3333.5255225994024
1029,1090,2647.1655004468457,8832.280618318495
1029,1091,1526.9302732151853,5094.610312564794
1029,1092,2085.8095620743998,6959.313788844472
1029,1093,1525.913588852593,5091.218140224548
1029,1094,1730.7206042539046,5774.557747181239
1029,2001,577.0181383162923,1925.2238360650024
103,100003,3042.2787989374015,10150.578068065763
103,1000032,3048.726172051042,10172.08975994187
103,1010,2004.0291900528794,6686.453178262086
103,1011,4359.216746544613,14544.547960849528
103,1012,4041.5035283187617,13484.496256849117
103,1013,4163.512731576907,13891.580559289403
103,1014,2514.2461013116836,8388.794394060185
103,1016,4042.027826850033,13486.245581458848
103,1017,1721.6394255435719,5744.258350070926
103,1018,990.0442250849204,3303.28739136999
103,1019,1525.5185781408888,5089.9001850561135
103,1020,3213.963921910294,10723.406319201229
103,1022,2511.1460014997137,8378.450895899798
103,1023,3603.9495326424867,12024.595213704279
103,1024,4161.550124017492,13885.032309584027
103,1029,2307.5583559151864,7699.1797222909745
103,1030,1154.744545543299,3852.810814809073
103,1032,2641.968932297274,8814.942243312667
103,1033,575.3450692540953,1919.641632969406
103,1034,1000.1557450567385,3337.024527130393
103,1035,2079.251290977596,6937.432085306025
103,1037,2001.6502183913149,6678.515727696786
103,1038,4001.47868559249,13350.95317365208
103,1039,1003.6233590710212,3348.5942382213652
103,1040,2645.9403221165057,8828.192804836784
103,1041,2890.280782566635,9643.435944240196
103,1042,1149.1041203907503,3833.9915087454656
103,1043,3218.012542711883,10736.914562275097
103,1044,996.6734764660891,3325.4059209738152
103,1045,4719.933280273568,15748.080437010723
103,1046,3607.779109211233,12037.372614625678
103,1047,3783.526664553588,12623.755191198663
103,1048,2310.5954870156306,7709.31312503788
103,1049,998.5103722570935,3331.5347327500417
103,1051,2520.6348313676854,8410.110423088128
103,1052,2083.929575536083,6953.0412045794255
103,1054,3056.6024660333246,10198.369053273605
103,1055,1006.6918689191842,3358.832336313258
103,1056,1734.6646135818303,5787.716953562414
103,1057,2000.077073350425,6673.266921586209
103,1058,3512.6867333032988,11720.096438073917
103,1059,1996.955695874598,6662.852430396463
103,1065,3511.8388544266945,11717.267486061945
103,1066,2083.675494323912,6952.193461374342
103,1071,1525.7286230483453,5090.60100091549
103,1072,1528.1443354536243,5098.661037151598
103,1073,3053.721386843436,10188.756318488267
103,1074,1728.9923141246172,5768.791298725651
103,1075,2647.267107196212,8832.6196297339
103,1076,4356.192806464263,14534.458570005578
103,1077,1526.9523331780856,5094.683915738729
103,1078,2641.230538089585,8812.478587433143
103,1081,3464.1917257649,11558.292608621507
103,1082,3786.5388073666954,12633.805220402855
103,1083,3222.7112090309924,10752.591685392337
103,1084,4584.019687975827,15294.604072644857
103,1085,3605.0089565611343,12028.129986782002
103,1086,1732.0832164841277,5779.104109540998
103,1088,4612.643001439522,15390.105897783775
103,1089,2518.8982199439897,8404.316210593113
103,109,1723.8050189638618,5751.483863092291
103,1090,4509.6696696146155,15046.534873332423
103,1091,2992.6165943660403,9984.879880013463
103,1092,4044.1856127607443,13493.44504468638
103,1093,2998.3422612105173,10003.983595398424
103,1094,3508.977237297643,11707.719686537623
103,2001,2641.968932297274,8814.942243312667
1030,100003,2290.624713364893,7642.680541235145
1030,1000032,2293.9506286899464,7653.777473957591
1030,1032,2079.6024224053017,6938.603637029137
1030,1033,998.8621173840762,3332.708332083787
1030,1034,1528.5420953424868,5099.988164963044
1030,1035,2081.404812037774,6944.617318838927
1030,1037,1159.239761834453,3867.8091259145954
1030,1038,3058.0912402145555,10203.336355598949
1030,1039,1527.8914510478157,5097.817287096786
1030,1040,1527.1630075116407,5095.386831681357
1030,1041,2521.2178475201226,8412.055659327596
1030,1042,1149.2630419294792,3834.5217512354457
1030,1043,2085.597825915869,6958.607330117629
1030,1044,2080.8595833215177,6942.798160564793
1030,1045,4038.310392076617,13473.842342185155
1030,1046,2891.496574632071,9647.492440403223
1030,1047,3512.513374240445,11719.518024714194
1030,1048,1155.8544237960937,3856.513929019044
1030,1049,575.393202018411,1919.8022281725773
1030,1051,1533.5201786341122,5116.597564173473
1030,1052,1003.5004664961544,3348.184206545239
1030,1054,2002.8822871634266,6682.626531171114
1030,1055,577.1611988534919,1925.701158245932
1030,1056,1527.2193675176466,5095.5748771166
1030,1057,2307.1655587477903,7697.869152623933
1030,1058,2647.935026108269,8834.848144445417
1030,1059,2308.9878690274663,7703.949299770391
1030,1065,2518.2356245452884,8402.105457809901
1030,1066,1531.0126581285995,5108.231209762637
1030,1071,2082.8940505222536,6949.586170314327
1030,1072,580.8827256004431,1938.1180504093056
1030,1073,3056.4085994887855,10197.722216601103
1030,1074,1528.069160813083,5098.410216596355
1030,1075,1530.1332973571289,5105.297218254718
1030,1076,3786.3013084730856,12633.01280418462
1030,1077,1002.3711461679251,3344.4162237556443
1030,1078,2515.3472780530724,8392.46847563486
1030,1081,3057.6248650153275,10201.78029246942
1030,1082,3217.3044242673086,10734.55192162704
1030,1083,2653.453958450005,8853.2620891525
1030,1084,3789.236487086284,12642.806041959999
1030,1085,3513.449029594993,11722.639843373438
1030,1086,2514.213567556663,8388.685845027696
1030,1088,4159.515942742497,13878.245253827123
1030,1089,1736.7666023173635,5794.730249242507
1030,1090,3607.5009270371643,12036.444458443537
1030,1091,3211.4819055023495,10715.125059336464
1030,1092,3218.6512539088476,10739.045625302588
1030,1093,2081.91309710492,6946.313214447409
1030,1094,3604.909904927029,12027.799500521141
1030,2001,2079.6024224053017,6938.603637029137
1032,100003,586.4249233789436,1956.6096203597583
1032,1000032,596.9367831998628,1991.6824919815415
1032,1033,2079.3928301509072,6937.904331448913
1032,1034,1996.2917132989355,6660.637049290546
1032,1035,1153.6009918754403,3848.9953424123028
1032,1037,993.0543249017146,3313.330604107006
1032,1038,1734.040682280263,5785.635203728085
1032,1039,3462.7996920279693,11553.648081260952
1032,1040,2643.6946358757095,8820.700061728709
1032,1041,580.2727286492102,1936.082792602909
1032,1042,1527.6188339566252,5096.907698840842
1032,1043,2081.67735853638,6945.526671562367
1032,1044,3001.0853996091146,10013.136090060056
1032,1045,2079.3808979737214,6937.864519681468
1032,1046,1004.560394911625,3351.7206628790746
1032,1047,1530.5802893660953,5106.7886092752915
1032,1048,2079.153151339506,6937.104641924324
1032,1049,1731.246018931163,5776.310795817506
1032,1051,1149.8280384648829,3836.4068649346923
1032,1052,1522.766449537814,5080.717694533344
1032,1054,1525.254189185855,5089.018050016635
1032,1055,2644.4998116294128,8823.386534562602
1032,1056,3603.129484202448,12021.859118079803
1032,1057,4354.5046208745725,14528.825930542185
1032,1058,1157.0683801750872,3860.5643004052904
1032,1059,1731.4958070598957,5777.144215128735
1032,1065,1525.9203684547238,5091.240760400161
1032,1066,571.5098996325436,1906.8455708000113
1032,1071,2081.740704262901,6945.738024888222
1032,1072,1521.5128553314955,5076.535071342677
1032,1073,1529.6277084535961,5103.610318409296
1032,1074,1000.1732516009414,3337.08293780061
1032,1075,1726.9171290768413,5761.867433680644
1032,1076,1733.874092929184,5785.079377544756
1032,1077,1150.9658909759228,3840.203315393897
1032,1078,1001.5496951529666,3341.6754484331
1032,1081,1004.6066349721168,3351.8749430666953
1032,1082,1159.4111132596581,3868.3808407815
1032,1083,588.5468073365108,1963.6892965453153
1032,1084,2004.2696780837653,6687.255567751437
1032,1085,1734.333455699336,5786.612043670431
1032,1086,4354.693833681308,14529.457239995781
1032,1088,2079.9340696341797,6939.7101796277175
1032,1089,572.3937015979474,1909.7943803731755
1032,1090,2084.0749810239554,6953.526350699725
1032,1091,2001.5696785960263,6678.2470062765315
1032,1092,1532.884401729302,5114.476291426084
1032,1093,997.328288826202,3327.5907056107726
1032,1094,2081.802759413341,6945.945072200679
1032,2001,0.0,0.0
1033,100003,2506.788884467737,8363.913353646856
1033,1000032,2513.862629872603,8387.514939731205
1033,1034,580.0920109680877,1935.4798271774018
1033,1035,1527.7109121725225,5097.2149182578005
1033,1037,1528.729455834812,5100.6132941605665
1033,1038,3513.652911929122,11723.320097776816
1033,1039,1528.2840506797154,5099.127197685679
1033,1040,2515.0850381545747,8391.59351093301
1033,1041,2314.9464943693624,7723.8302823195245
1033,1042,573.7629855855118,1914.3630030838817
1033,1043,2889.2353366377065,9639.947808793428
1033,1044,1156.0891296106886,3857.297026115506
1033,1045,4158.764253556217,13875.737239186612
1033,1046,3058.30653115511,10204.054674873372
1033,1047,3214.538942459245,10725.324878070622
1033,1048,2081.3703086558144,6944.502198136539
1033,1049,577.0436257251266,1925.3088749290332
1033,1051,2084.9913200133474,6956.583720212304
1033,1052,1733.0671829934925,5782.387118604191
1033,1054,2646.680920198353,8830.663813953199
1033,1055,1158.3558988061482,3864.860112604764
1033,1056,2081.1226350318716,6943.675833880867
1033,1057,2513.8396480939277,8387.438260914436
1033,1058,3001.493670367139,10014.498287437786
1033,1059,1527.6599358459985,5097.044835495436
1033,1065,3054.8393747210343,10192.486490500996
1033,1066,1530.7494314292592,5107.352952594956
1033,1071,1156.6531026379519,3859.1787248748433
1033,1072,1153.7423896884434,3849.467116905832
1033,1073,2518.121928274721,8401.726109647976
1033,1074,1153.6714821945632,3849.2305337062603
1033,1075,2309.3896076132323,7705.289702523484
1033,1076,3784.8630278439405,12628.21397384237
1033,1077,999.9145833704998,3336.219889986668
1033,1078,2079.7311411684927,6939.033107811056
1033,1081,2888.856724144865,9638.6845663623
1033,1082,3216.775884419833,10732.788445845084
1033,1083,2655.660746633312,8860.625048701826
1033,1084,4043.8859536026735,13492.445230442243
1033,1085,3057.133780892325,10200.141787895065
1033,1086,2307.4178360585242,7698.710877103063
1033,1088,4037.3049628629747,13470.487722704338
1033,1089,2002.677462281433,6681.943131952185
1033,1090,4001.0174949891184,13349.414408951943
1033,1091,2512.809495938759,8384.001153218494
1033,1092,3515.536656842309,11729.605221877968
1033,1093,2515.1251560822975,8391.727364594752
1033,1094,2999.9720854317966,10009.421511871134
1033,2001,2079.3928301509072,6937.904331448913
1034,100003,2511.611018302396,8380.002426732619
1034,1000032,2520.3199391579237,8409.05978369264
1034,1035,1152.0139729074472,3843.7002458762
1034,1037,1731.5255503301128,5777.24345369505
1034,1038,3606.02626522617,12031.524242110398
1034,1039,2003.7725453027347,6685.596881800036
1034,1040,3000.0951322979745,10009.832058340973
1034,1041,2084.9684635778067,6956.507459603515
1034,1042,578.4203356219421,1929.902274222216
1034,1043,3217.1857489583967,10734.155960879365
1034,1044,1004.8115242098887,3352.558557008993
1034,1045,4034.41320963582,13460.839373941539
1034,1046,3000.8343702532134,10012.298529388318
1034,1047,2883.5372224360135,9620.936022935655
1034,1048,2517.3740561666636,8399.230830707591
1034,1049,1002.0687868659517,3343.407400468193
1034,1051,2311.3750957164007,7711.914293274821
1034,1052,2082.556151098452,6948.458767236854
1034,1054,2886.9938772635105,9632.469168646403
1034,1055,1738.4440418782538,5800.3270345283345
1034,1056,2648.185296998871,8835.683174493981
1034,1057,3000.2281679862285,10010.275932564444
1034,1058,3055.3434344356447,10194.16828820011
1034,1059,996.8047625779083,3325.8439577269683
1034,1065,3213.215117671551,10720.90793020226
1034,1066,1528.8693468069794,5101.080041072289
1034,1071,576.5706685888557,1923.7308511344213
1034,1072,1526.2526786351596,5092.349514939852
1034,1073,2079.8852112924405,6939.54716353193
1034,1074,996.1336397542249,3323.6047531486643
1034,1075,2645.3920113285667,8826.36336321543
1034,1076,3601.5937361464025,12016.735087191768
1034,1077,1153.0592438188073,3847.187797375998
1034,1078,1726.8450069270837,5761.626797775805
1034,1081,2645.0484542454037,8825.217083329873
1034,1082,3054.8846587365624,10192.637580839926
1034,1083,2525.3414534090234,8425.81409051143
1034,1084,4000.553082131519,13347.864893184842
1034,1085,2644.8559807702195,8824.574894640074
1034,1086,2646.712869191897,8830.770411926165
1034,1088,3779.2279219294246,12609.412415442433
1034,1089,2082.3216766145906,6947.676441976515
1034,1090,4041.0835802437937,13483.095098046386
1034,1091,1992.465129195741,6647.8696327450725
1034,1092,3514.077301978572,11724.736077249096
1034,1093,2643.1213472447685,8818.787281412213
1034,1094,2513.4703410840166,8386.206066272545
1034,2001,1996.2917132989355,6660.637049290546
1035,100003,1739.6889912280299,5804.480814112935
1035,1000032,1750.1238565578722,5839.296793239278
1035,1037,1524.1635383586631,5085.379088206075
1035,1038,2887.634219149475,9634.605672475705
1035,1039,3055.994186542409,10196.339525781943
1035,1040,3213.7189076311574,10722.588827862488
1035,1041,1005.3792713429096,3354.4528480906197
1035,1042,1004.9939114337957,3353.167092872153
1035,1043,3001.5722994489074,10014.760633753049
1035,1044,2085.484420085415,6958.228951010559
1035,1045,2994.653627600694,9991.676451347696
1035,1046,2082.9622469648843,6949.813708078167
1035,1047,1731.5367617524034,5777.280860660268
1035,1048,2645.213226270616,8825.766845996573
1035,1049,1529.2444550211717,5102.33159146059
1035,1051,1999.2110911357008,6670.3775676982
1035,1052,2080.227712088751,6940.689919111247
1035,1054,2515.794257962483,8393.959826285207
1035,1055,2519.467040534565,8406.214083271112
1035,1056,3511.6761600308478,11716.724655415766
1035,1057,4038.9280090793895,13475.903024330722
1035,1058,2310.6615434643386,7709.5335227015485
1035,1059,577.895819066032,1928.152222172214
1035,1065,2644.1486410943317,8822.214852357543
1035,1066,999.9151889205405,3336.2219104073356
1035,1071,1001.2447241074483,3340.657911050558
1035,1072,1728.2649826953623,5766.364553860392
1035,1073,1001.423644261009,3341.2548790165783
1035,1074,575.8582539948525,1921.3538763628176
1035,1075,2514.0516955740986,8388.145758367451
1035,1076,2514.41262826828,8389.350012064016
1035,1077,1151.961481572192,3843.525108279806
1035,1078,574.8337612953852,1917.9356514684594
1035,1081,1528.9506436723193,5101.351288460467
1035,1082,2001.6618568984125,6678.554559632548
1035,1083,1538.5070123759592,5133.236159303796
1035,1084,3056.957194831815,10199.552607641906
1035,1085,1529.4422851673744,5102.991652709397
1035,1086,3784.0210508587297,12625.404713519853
1035,1088,2641.5809101257905,8813.647605442806
1035,1089,1526.5370593238147,5093.298352496177
1035,1090,3215.284835982965,10727.813555454703
1035,1091,1152.9227024926693,3846.7322265746084
1035,1092,2649.226655140137,8839.157671017256
1035,1093,2079.246896896326,6937.417424432411
1035,1094,1527.1731753213191,5095.420756627997
1035,2001,1153.6009918754403,3848.9953424123028
1037,100003,1131.523445332884,3775.3335005686677
1037,1000032,1134.989244409391,3786.8971561108883
1037,1038,1999.8359604400055,6672.462447183242
1037,1039,2650.33607136661,8842.85924367415
1037,1040,1735.7175984940636,5791.230242863793
1037,1041,1526.0020840431378,5091.513404859921
1037,1042,1153.200644166053,3847.6595803250393
1037,1043,1531.4121002084971,5109.563950212688
1037,1044,2648.3462620920623,8836.220235313405
1037,1045,2879.0732097926934,9606.041822953497
1037,1046,1732.2578970242855,5779.686932016198
1037,1047,2512.788532028511,8383.931207029585
1037,1048,1158.357007801567,3864.863812773394
1037,1049,1003.1660795127594,3347.068522742334
1037,1051,579.8503733015959,1934.673601923238
1037,1052,579.527802570334,1933.5973431032735
1037,1054,1155.47184009434,3855.2374366299914
1037,1055,1736.3888308192952,5793.4698127945485
1037,1056,2650.158489879992,8842.26674217692
1037,1057,3466.402517648809,11565.668926537437
1037,1058,1526.1504083978748,5092.008289793767
1037,1059,1997.7087707846706,6665.365068511175
1037,1065,1526.1185740442977,5091.902074317611
1037,1066,574.8408314307535,1917.9592410096388
1037,1071,2082.283809096877,6947.550096818757
1037,1072,578.3626543415472,1929.7098203485214
1037,1073,2306.7112134575927,7696.353227344627
1037,1074,999.7676890148031,3335.7297762516023
1037,1075,1000.538620870279,3338.301994151849
1037,1076,2641.511106651835,8813.414705811105
1037,1077,578.4713244007866,1930.072398531808
1037,1078,1727.7329626035964,5764.589466226367
1037,1081,1997.6522570993181,6665.176510324041
1037,1082,2079.5220801698647,6938.335574768291
1037,1083,1528.9880454352808,5101.47607962522
1037,1084,2644.9390419202487,8824.852028572734
1037,1085,2642.396122664806,8816.367566059906
1037,1086,3606.970064597709,12034.673233322099
1037,1088,3046.391886612916,10164.301405179276
1037,1089,577.5285916844292,1926.9269662203292
1037,1090,2515.124998420158,8391.726838554254
1037,1091,2641.3040819687913,8812.723966945228
1037,1092,2081.9596643592786,6946.468586318964
1037,1093,996.705947679154,3325.5142613347625
1037,1094,2881.880508472723,9615.408388707421
1037,2001,993.0543249017146,3313.330604107006
1038,100003,1148.563708339681,3832.188421298247
1038,1000032,1138.263513921974,3797.821772327841
1038,1039,4585.9796941218565,15301.143642721772
1038,1040,2648.8763102646,8837.988743629296
1038,1041,2079.152573396431,6937.102713614432
1038,1042,3057.1436753191692,10200.174800698544
1038,1043,1528.13201545678,5098.619931421968
1038,1044,4586.69850045106,15303.54194354908
1038,1045,1525.418443552129,5089.566085511761
1038,1046,1001.8201924347503,3342.577963934606
1038,1047,2518.168904599332,8401.882846384426
1038,1048,2311.16488055396,7711.212909358857
1038,1049,3002.980627329121,10019.45952660223
1038,1051,1524.5777281316293,5086.76103440606
1038,1052,2080.937668739984,6943.058692944796
1038,1054,1154.2749454917578,3851.2439919440535
1038,1055,3606.9643209695046,12034.654069678549
1038,1056,4361.470671058789,14552.068190996963
1038,1057,5292.712112633843,17659.159808052995
1038,1058,576.9762440707589,1925.0840557102113
1038,1059,3465.529716079924,11562.756819840974
1038,1065,578.01721791829,1928.5572700355622
1038,1066,2080.791507530007,6942.571025354005
1038,1071,3788.9186079294445,12641.745436601004
1038,1072,2517.0680163221655,8398.209727272035
1038,1073,3056.304729159381,10197.375652739847
1038,1074,2649.6387756011195,8840.532712947703
1038,1075,1730.6003409094778,5774.156487945315
1038,1076,1733.7254258618925,5784.583349148799
1038,1077,2518.748192321932,8403.815642699536
1038,1078,2648.338920927229,8836.195741481091
1038,1081,2000.9992901510489,6676.343902444663
1038,1082,1527.696251759819,5097.166003719229
1038,1083,1519.3681765934812,5069.379340260851
1038,1084,1000.0521580082711,3336.678908437367
1038,1085,2999.4943795621625,10007.827643904468
1038,1086,5568.356986221789,18578.85027474981
1038,1088,2305.6872318027004,7692.936707552988
1038,1089,1527.1814404523122,5095.4483332779155
1038,1090,576.0985351144368,1922.1555754916005
1038,1091,3608.607329195572,12040.135974647614
1038,1092,575.7163980728706,1920.8805733864438
1038,1093,1003.1370026820864,3346.9715077548117
1038,1094,3510.9236465707995,11714.213890581803
1038,2001,1734.040682280263,5785.635203728085
1039,100003,3770.5285681327223,12580.386979020896
1039,1000032,3775.1201669003863,12595.706870729928
1039,1040,2645.3018820862394,8826.062646558305
1039,1041,3792.21364091674,12652.739330252723
1039,1042,2078.2170733891103,6933.98141327197
1039,1043,3516.008740148124,11731.180330132996
1039,1044,1729.350367283044,5769.985944837113
1039,1045,5504.654064160344,18366.305164231188
1039,1046,4363.964776697905,14560.389786640562
1039,1047,4726.811342755389,15771.029126066815
1039,1048,2518.1428974670994,8401.796073460739
1039,1049,1731.554472494007,5777.33995263611
1039,1051,3061.411203459117,10214.413429175771
1039,1052,2520.587587896719,8409.95279501656
1039,1054,3515.206019823589,11728.502049850511
1039,1055,1003.0332488312638,3346.6253325249136
1039,1056,999.8789760145975,3336.101085869829
1039,1057,996.4556415460755,3324.6791136995043
1039,1058,4165.996714072876,13899.868379016463
1039,1059,3000.5760623775227,10011.436683899761
1039,1065,4043.4701863251075,13491.058020890458
1039,1066,2891.2898289938003,9646.802632571596
1039,1071,2518.3506747496463,8402.48932337853
1039,1072,2085.098947188358,6956.94281880727
1039,1073,4043.644486795544,13491.639575261175
1039,1074,2646.1124175864106,8828.767002212462
1039,1075,3003.518446283625,10021.253962170096
1039,1076,5196.659811427528,17338.680836055883
1039,1077,2311.839651703595,7713.464286594515
1039,1078,3604.5057102598685,12026.450903040482
1039,1081,4362.1161437895025,14554.221813914824
1039,1082,4622.204368064333,15422.007444215496
1039,1083,4051.315897022472,13517.235272942728
1039,1084,5295.271654839344,17667.69973311986
1039,1085,4585.4150066087805,15299.259560077031
1039,1086,997.4568659721588,3328.0197038860983
1039,1088,5504.413567218037,18365.502745008835
1039,1089,3219.547449513673,10742.0357863142
1039,1090,5133.946411735225,17129.43727175373
1039,1091,3996.2295772382745,13333.439497996907
1039,1092,4730.476752641746,15783.2587840508
1039,1093,3606.1270688576683,12031.860573919117
1039,1094,4509.893204963506,15047.280700115516
1039,2001,3462.7996920279693,11553.648081260952
1040,100003,2489.176633657403,8305.149992817765
1040,1000032,2485.754292447063,8293.731334658214
1040,1041,3216.505620443092,10731.886708766991
1040,1042,2511.541688989653,8379.771109142115
1040,1043,1158.0885954766156,3863.9682537405392
1040,1044,3604.216379250419,12025.485548714652
1040,1045,4039.9413500294777,13479.284041358822
1040,1046,3004.8655480784823,10025.74857388652
1040,1047,4164.339849620105,13894.340242679344
1040,1048,577.3698070119357,1926.397180385211
1040,1049,1998.0362864084825,6666.457825989279
1040,1051,1532.2421249221677,5112.33333172285
1040,1052,1156.1974650110594,3857.6584877078435
1040,1054,1531.0617449159258,5108.394988068242
1040,1055,1727.0072170393496,5762.168012607452
1040,1056,1998.9917214698514,6669.645639736914
1040,1057,2998.5111227074017,10004.547002607327
1040,1058,2517.8876810999736,8400.944542805604
1040,1059,3604.8185247077276,12027.494609973233
1040,1065,2084.5270211750676,6955.034584871218
1040,1066,2310.557575391273,7709.18663271809
1040,1071,3512.8008700062974,11720.4772557408
1040,1072,1529.669350080925,5103.749255902214
1040,1073,4042.421850882587,13487.56024456748
1040,1074,2646.7782775132487,8830.988647109743
1040,1075,1004.6007609219694,3351.8553442696953
1040,1076,4001.642635690124,13351.500193953403
1040,1077,2083.4096280016565,6951.306397091914
1040,1078,3463.4401352356304,11555.78492315059
1040,1081,3607.7271313723268,12037.19919031236
1040,1082,3514.108984922067,11724.841787544776
1040,1083,3057.133390465977,10200.140485235648
1040,1084,3608.639736249381,12040.24410094089
1040,1085,4359.557729899445,14545.685653477942
1040,1086,3603.0803577935926,12021.695207576775
1040,1088,4505.722083206309,15033.363732005091
1040,1089,2085.5652149230436,6958.4985233808275
1040,1090,3216.4094333019857,10731.56577990101
1040,1091,4357.006915951018,14537.174850283422
1040,1092,3057.8245673447323,10202.446600266623
1040,1093,2001.4850881785255,6677.9647699354855
1040,1094,4617.5865056196835,15406.599923619955
1040,2001,2643.6946358757095,8820.700061728709
1041,100003,1018.7629129969347,3399.1074338214366
1041,1000032,1028.8512485024255,3432.767214496729
1041,1042,1741.194326329201,5809.5033720285255
1041,1043,2646.907677515217,8831.420390848169
1041,1044,3064.248818147932,10223.881144441038
1041,1045,1989.278225147503,6637.2365118265125
1041,1046,1150.9731178663558,3840.2274279491153
1041,1047,996.717803335528,3325.5538177901453
1041,1048,2647.5719924464756,8833.636880860156
1041,1049,2088.372518020911,6967.8651038748885
1041,1051,1730.033209351196,5772.264250731811
1041,1052,2081.788946949234,6945.898986846739
1041,1054,2079.953402990317,6939.774685464874
1041,1055,3061.48130716129,10214.647330520385
1041,1056,4045.8953687572052,13499.14965391729
1041,1057,4728.649150823309,15777.160981659428
1041,1058,1526.0954740123568,5091.825000948243
1041,1059,1533.1017999082774,5115.201641511788
1041,1065,1996.323911125396,6660.744477495753
1041,1066,1001.0321524226881,3339.9486645863703
1041,1071,2006.6213697583808,6695.101998507074
1041,1072,2000.1340800698836,6673.457124784046
1041,1073,1002.7455491653902,3345.665421184892
1041,1074,1161.297273491159,3874.6740236040005
1041,1075,2307.138830955129,7697.779975213207
1041,1076,1520.0310619921556,5071.59106063039
1041,1077,1530.1986031930626,5105.515111495199
1041,1078,583.7482050773262,1947.6787366760284
1041,1081,573.9299829020958,1914.9201904461102
1041,1082,996.2871100591436,3324.116807570419
1041,1083,583.6287617895471,1947.2802135631132
1041,1084,2078.656440638039,6935.447364243447
1041,1085,1154.1220532188092,3850.73386612879
1041,1086,4622.360884268558,15422.529661295159
1041,1088,1722.381675369603,5746.734870239878
1041,1089,1152.6021326758857,3845.662643815572
1041,1090,2306.0919475428555,7694.287043596237
1041,1091,1532.4800328307706,5113.127112621605
1041,1092,1731.360059239845,5776.69129186428
1041,1093,1524.7205242440334,5087.237474332368
1041,1094,1527.1514786094403,5095.34836544287
1041,2001,580.2727286492102,1936.082792602909
1042,100003,1994.627416699921,6655.084115561193
1042,1000032,2002.5752874101886,6681.602224995359
1042,1043,2645.9291102582474,8828.155396416958
1042,1044,1529.5612094270696,5103.388444082577
1042,1045,3603.3926634272043,12022.737216848303
1042,1046,2521.5703059748303,8413.231638682777
1042,1047,2649.993181957078,8841.71519148492
1042,1048,1996.131187708363,6660.101454873757
1042,1049,573.8782544494956,1914.74759821142
1042,1051,1733.039591368587,5782.295059012963
1042,1052,1524.828889272826,5087.59903478008
1042,1054,2308.6429891159005,7702.798606261407
1042,1055,1525.4840794301983,5089.785079939438
1042,1056,2511.289277385224,8378.928936591417
1042,1057,3047.944758356523,10169.482569334474
1042,1058,2518.968886698285,8404.551990563885
1042,1059,1159.7252647334194,3869.429008707702
1042,1065,2644.9388896256187,8824.851520440956
1042,1066,1004.3661856300221,3351.072682662685
1042,1071,1005.648871858364,3355.352371526889
1042,1072,993.8063102114013,3315.8396067647104
1042,1073,2006.403640307204,6694.375543130052
1042,1074,579.954247399741,1935.0201783589148
1042,1075,2078.3491858540037,6934.422207156192
1042,1076,3216.4190125703462,10731.59774117667
1042,1077,574.740622636855,1917.6248938794786
1042,1078,1530.2874204325146,5105.811450648323
1042,1081,2315.10861622279,7724.371202675124
1042,1082,2650.844000973463,8844.553953287628
1042,1083,2094.4965914531826,6988.298104785441
1042,1084,3516.066736670537,11731.373835813223
1042,1085,2523.2681754520268,8418.89658848412
1042,1086,2881.173005814299,9613.047802632862
1042,1088,3463.555370210501,11556.169405206936
1042,1089,1529.9844443098107,5104.8005693354935
1042,1090,3513.893680943833,11724.12342477007
1042,1091,2083.6161341619527,6951.995405904109
1042,1092,3005.10436715366,10026.545394897003
1042,1093,2079.922152416768,6939.670417773631
1042,1094,2521.3878209077634,8412.622776365435
1042,2001,1527.6188339566252,5096.907698840842
1043,100003,1705.3253467731606,5689.826346591997
1043,1000032,1698.1259278210202,5665.805450103504
1043,1044,4045.3212248196064,13497.234019865951
1043,1045,2997.5387438165,10001.302655689718
1043,1046,2085.549696034597,6958.446744533747
1043,1047,3465.936735503838,11564.114842136334
1043,1048,1002.515364142615,3344.8974077324115
1043,1049,2312.1988764952725,7714.662841866038
1043,1051,1002.3763563786808,3344.4336076492723
1043,1052,1156.1758346726506,3857.5863179781218
1043,1054,579.907255034803,1934.863388103836
1043,1055,2517.2923467573246,8398.958206864345
1043,1056,3058.2157708189916,10203.75185256873
1043,1057,4043.803980649038,13492.171727282164
1043,1058,1527.2269881723544,5095.600303468244
1043,1059,3514.062361256129,11724.686227455708
1043,1065,1001.3412799390626,3340.98007005422
1043,1066,2001.662071061197,6678.555274187724
1043,1071,3609.7666113628457,12044.003925259483
1043,1072,1735.5050002878124,5790.520907910522
1043,1073,3607.996199722777,12038.096938177494
1043,1074,2520.9917080904884,8411.301144016383
1043,1075,579.8591063663656,1934.7027398364855
1043,1076,3056.3924766574073,10197.668422695482
1043,1077,2085.831801923875,6959.387992210842
1043,1078,3057.0351917657085,10199.8128447927
1043,1081,2889.058386117699,9639.357412519374
1043,1082,2647.235690846019,8832.514808928076
1043,1083,2308.072212120106,7700.894206027841
1043,1084,2517.4261269163394,8399.404565018145
1043,1085,3787.106753505768,12635.700175469145
1043,1086,4510.939431950844,15050.771441567484
1043,1088,3601.738194907842,12017.217074554703
1043,1089,1531.1537480442648,5108.701956955196
1043,1090,2080.7754667375816,6942.51750517175
1043,1091,4043.1950028951114,13490.139870032557
1043,1092,2000.3863950782109,6674.29897504138
1043,1093,1157.0594814589265,3860.5346097953684
1043,1094,4163.4525798819905,13891.379862865595
1043,2001,2081.67735853638,6945.526671562367
1044,100003,3510.1382755400105,11711.593496302617
1044,1000032,3518.605663930813,11739.844979014686
1044,1045,5031.564238578397,16787.83865108504
1044,1046,4005.636943976576,13364.82722305531
1044,1047,3789.1201499402205,12642.417882504085
1044,1048,3215.1019332254464,10727.20329951113
1044,1049,1733.1238797841313,5782.576287723006
1044,1051,3219.413527363485,10741.58895440616
1044,1052,2889.1550059768338,9639.679785151173
1044,1054,3788.5704440870572,12640.583786240799
1044,1055,2003.340086504286,6684.15398090732
1044,1056,2643.015933979589,8818.43556953821
1044,1057,2639.2073523383874,8805.72821829508
1044,1058,4045.607657522662,13498.189703978345
1044,1059,1735.769987806276,5791.405040059806
1044,1065,4165.1101864548555,13896.910475290033
1044,1066,2522.067411506084,8414.890233715167
1044,1071,1158.6496788995369,3865.84031132088
1044,1072,2309.830496018268,7706.760728839739
1044,1073,2891.7650836355983,9648.388322004617
1044,1074,2000.93084219945,6676.115525519923
1044,1075,3465.477983034952,11562.584212283813
1044,1076,4584.2670751386195,15295.429481121502
1044,1077,2083.032787584727,6950.049067200721
1044,1078,2646.926521136165,8831.483262681475
1044,1081,3610.8140760489177,12047.49879629932
1044,1082,4046.8460344981,13502.321554803873
1044,1083,3525.9926578166605,11764.491720185419
1044,1084,5005.351504144839,16700.379734651004
1044,1085,3470.3222929239582,11578.74727588319
1044,1086,1994.038677627142,6653.119784770061
1044,1088,4725.525864462283,15766.740121464893
1044,1089,3059.5264096500296,10208.124805428324
1044,1090,5036.945587965489,16805.793549592137
1044,1091,2644.3302298744757,8822.82072420919
1044,1092,4515.840000603875,15067.122212807739
1044,1093,3606.1861707585203,12032.057767699902
1044,1094,3218.8636008464227,10739.754121896694
1044,2001,3001.0853996091146,10013.136090060056
1045,100003,1747.9459158824109,5832.0300835407415
1045,1000032,1744.9125821384291,5821.9093506922145
1045,1046,1146.829284106837,3826.40150637619
1045,1047,1728.7545965827537,5767.998152986453
1045,1048,3602.3932646779417,12019.402718041336
1045,1049,3783.2218870760144,12622.738299656514
1045,1051,2637.1369958289993,8798.820463691982
1045,1052,3208.236978113992,10704.298343260267
1045,1054,2511.796467526181,8380.621178973322
1045,1055,4615.454382389452,15399.486084051156
1045,1056,5504.323664318533,18365.202783545647
1045,1057,6345.474104857572,21171.705335731727
1045,1058,1524.4101452460227,5086.201893289929
1045,1059,3506.9867203503923,11701.078317023448
1045,1065,1996.2130261635405,6660.374509279072
1045,1066,2637.980075797768,8801.63340412453
1045,1071,3995.895121610301,13332.323585161032
1045,1072,3457.429679002163,11535.731006578639
1045,1073,2640.570229265073,8810.27546381588
1045,1074,3052.0399293026953,10183.14612719305
1045,1075,3048.545060148693,10171.485479195317
1045,1076,575.666509789305,1920.7141208847233
1045,1077,3209.308581290369,10707.873752490876
1045,1078,2513.95498492654,8387.823082819636
1045,1081,1521.3365865166065,5075.946949581081
1045,1082,992.9919241746128,3313.122403776328
1045,1083,1512.209654794599,5045.494897323903
1045,1084,577.7838455235659,1927.7786219010104
1045,1085,2302.7244977903893,7683.051531053917
1045,1086,6423.004264810511,21430.385092993554
1045,1088,995.7032115459907,3322.1686273301148
1045,1089,2301.5487503807085,7679.128644080355
1045,1090,1155.9413236631,3856.8038708496424
1045,1091,3213.823499771106,10722.937800048148
1045,1092,997.1908890523418,3327.132270594367
1045,1093,2078.4184126659866,6934.653182752406
1045,1094,2880.4542401456406,9610.64963746966
1045,2001,2079.3808979737214,6937.864519681468
1046,100003,601.406891191812,2006.5970291241638
1046,1000032,598.6964732700535,1997.5537064932782
1046,1047,1526.73740411277,5093.966803862809
1046,1048,2520.543573023089,8409.805939175767
1046,1049,2650.896478783357,8844.729045756587
1046,1051,1526.5216926899532,5093.247081647263
1046,1052,2082.9510801771125,6949.776450036239
1046,1054,1529.188567482768,5102.145122415807
1046,1055,3468.638460797118,11573.129161769855
1046,1056,4363.346815517648,14558.327956145138
1046,1057,5198.659708789276,17345.353503368828
1046,1058,581.2911349005763,1939.4807100334576
1046,1059,2647.3818036960593,8833.002315165702
1046,1065,1155.8019165064575,3856.338738190781
1046,1066,1527.5574114104518,5096.702762215609
1046,1071,3058.292473741516,10204.007772244273
1046,1072,2310.619032314501,7709.391684042534
1046,1073,2081.772148989413,6945.842940371773
1046,1074,2004.714735985397,6688.740505613444
1046,1075,2000.2666538434319,6673.899457826846
1046,1076,996.8045688348344,3325.843311302256
1046,1077,2084.500727471449,6954.946855800702
1046,1078,1734.7063054350153,5787.856058634147
1046,1081,999.1834928225146,3333.780602803409
1046,1082,575.0104884060811,1918.5253023362527
1046,1083,567.3453418959215,1892.9505035762859
1046,1084,999.7272635879248,3335.594896617426
1046,1085,1997.6786084715932,6665.264431806311
1046,1086,5293.440863092645,17661.591287517265
1046,1088,1519.6999684970717,5070.486365567317
1046,1089,1154.7299933205165,3852.7622612467007
1046,1090,1155.1234560136852,3854.0750514437314
1046,1091,2648.375679412949,8836.318386348188
1046,1092,580.3932918220196,1936.4850522176964
1046,1093,1003.3929889928472,3347.8256073306434
1046,1094,2514.123271657935,8388.384572320678
1046,2001,1004.560394911625,3351.7206628790746
1047,100003,1760.6474265871632,5874.408736028473
1047,1000032,1767.8228308077141,5898.349507247754
1047,1048,3606.0211347224517,12031.50712415969
1047,1049,3057.095956271082,10200.01558586159
1047,1051,2642.7934886154085,8817.693379494423
1047,1052,3053.3222088010953,10187.424459000815
1047,1054,2886.0385796258856,9629.281813413761
1047,1055,4043.7484725526633,13491.986524247564
1047,1056,5033.54521614627,16794.44819241334
1047,1057,5684.034385261405,18964.80848149685
1047,1058,2084.0396636352675,6953.408514059914
1047,1059,2081.1413255081934,6943.73819474638
1047,1065,2644.981267963348,8824.992915971723
1047,1066,1997.7140941911582,6665.3828300829155
1047,1071,2645.4241941807745,8826.470741458972
1047,1072,2996.7941152750222,9998.818198925064
1047,1073,998.344112823329,3330.9800073374436
1047,1074,2082.2775140797153,6947.529093463258
1047,1075,3211.894137554817,10716.500473592447
1047,1076,1153.093302519358,3847.301434396694
1047,1077,2514.8882125267514,8390.936801264681
1047,1078,1156.7127756470056,3859.3778241609334
1047,1081,576.8918545152115,1924.8024895460544
1047,1082,1001.7031754936189,3342.1875363391287
1047,1083,1157.9708875209255,3863.575520571613
1047,1084,2084.6153125432998,6955.32916945245
1047,1085,573.9702027335567,1915.0543841101721
1047,1086,5505.35082797073,18368.62992008683
1047,1088,997.9382513968488,3329.625848706176
1047,1089,2078.789383485734,6935.89092870394
1047,1090,2519.074569779545,8404.904602680557
1047,1091,1531.1510498899186,5108.692954550044
1047,1092,2004.193995379938,6687.003052040561
1047,1093,2308.9088390148713,7703.685615747465
1047,1094,1151.7017697342487,3842.6585784643385
1047,2001,1530.5802893660953,5106.7886092752915
1048,100003,1972.4962238344083,6581.243282499059
1048,1000032,1970.2710537715363,6573.818991718807
1048,1049,1526.932110629022,5094.616443105033
1048,1051,1004.5860589322351,3351.806291009157
1048,1052,578.8324879367087,1931.2774224329698
1048,1054,1156.8929948149914,3859.979126294927
1048,1055,1525.3121748694593,5089.211519533124
1048,1056,2082.5174032223595,6948.329484759066
1048,1057,3054.909842389625,10192.721606221341
1048,1058,2082.0469691786493,6946.759879275103
1048,1059,3054.874318916737,10192.60308198059
1048,1065,1733.153290597228,5782.674417044516
1048,1066,1733.197817592383,5782.822981581276
1048,1071,3001.769245399786,10015.41774487984
1048,1072,1002.3452264035581,3344.3297423352674
1048,1073,3465.057938795252,11561.182732626983
1048,1074,2083.1621203086906,6950.480586465756
1048,1075,580.575535424978,1937.0931088888603
1048,1076,3512.28046344736,11718.740916715766
1048,1077,1529.6880657692927,5103.811700887842
1048,1078,2886.0824370817963,9629.428144029562
1048,1081,3056.7128729138103,10198.737426369462
1048,1082,3001.4840954382885,10014.466340640922
1048,1083,2518.877217363919,8404.246135382153
1048,1084,3216.441118800871,10731.671498722762
1048,1085,3786.3966246500113,12633.33082707436
1048,1086,3511.0424255396006,11714.610197191201
1048,1088,3995.503069280513,13331.015500648307
1048,1089,1531.094515467285,5108.504327172871
1048,1090,2887.241199731155,9633.294361267372
1048,1091,3784.3621266800037,12626.542714663
1048,1092,2647.7209414475687,8834.13384992962
1048,1093,1527.6706543741684,5097.080597917014
1048,1094,4040.220580950501,13480.215696690297
1048,2001,2079.153151339506,6937.104641924324
1049,100003,2069.0901140107453,6903.529268739223
1049,1000032,2074.7680120095356,6922.473603137294
1049,1051,1532.1009195013887,5111.862199146916
1049,1052,1156.040950515595,3857.136276329468
1049,1054,2083.4431126791055,6951.418118881727
1049,1055,1000.6859831020917,3338.7936689578596
1049,1056,1998.047926816071,6666.496664266038
1049,1057,2641.8753612358405,8814.630043009289
1049,1058,2519.3180750723004,8405.71705927887
1049,1059,1733.5997410743346,5784.1640012413945
1049,1065,2517.5510858939883,8399.821491257244
1049,1066,1159.7365514896044,3869.466667024826
1049,1071,1530.571329689015,5106.758715268963
1049,1072,576.7353945216125,1924.2804600134189
1049,1073,2519.8546944857753,8407.507492572235
1049,1074,1001.9914885691395,3343.149494323433
1049,1075,1732.3572534999817,5780.018435382514
1049,1076,3465.1122194846735,11561.36384041229
1049,1077,580.298634169511,1936.169226497889
1049,1078,2000.3119837660324,6674.050701334947
1049,1081,2649.7131578133135,8840.780889561896
1049,1082,2890.653298934862,9644.67884692178
1049,1083,2319.763427797973,7739.902004225111
1049,1084,3609.4253491927216,12042.865302362485
1049,1085,3003.506805921871,10021.215124046264
1049,1086,2642.5480070267413,8816.874328975151
1049,1088,3783.4290805564206,12623.429601715614
1049,1089,1532.1563370439717,5112.047100048348
1049,1090,3514.12218130147,11724.88581732909
1049,1091,2644.4822214093256,8823.32784470739
1049,1092,3059.9336423899786,10209.483539453677
1049,1093,1999.8469768044754,6672.499203337089
1049,1094,3056.3971527610743,10197.6840245382
1049,2001,1731.246018931163,5776.310795817506
1051,100003,967.9210486398155,3229.4733051336907
1051,1000032,965.7514676380254,3222.2344875271797
1051,1052,579.8188241114633,1934.568337896306
1051,1054,575.6341160572399,1920.60603903951
1051,1055,2086.3617091472897,6961.156030249296
1051,1056,2892.5934373176265,9651.152128109547
1051,1057,3790.212805630576,12646.063533550381
1051,1058,1150.3248769060851,3838.064568819819
1051,1059,2516.90201026063,8397.655847237116
1051,1065,995.8462633022227,3322.6459202133033
1051,1066,999.2975809147142,3334.1612582801235
1051,1071,2648.930444478488,8838.169362698269
1051,1072,1003.3378703682026,3347.6417037703727
1051,1073,2644.6846433162873,8824.00322638839
1051,1074,1530.4329240623385,5106.296924219724
1051,1075,577.115581008692,1925.5489540840058
1051,1076,2512.090248400125,8381.601380293765
1051,1077,1158.3187934856276,3864.7363105216623
1051,1078,2079.985893746638,6939.883091031991
1051,1081,2079.501904697853,6938.268259207408
1051,1082,1996.902633036974,6662.675385979625
1051,1083,1524.8954479170038,5087.821108021384
1051,1084,2306.323667629936,7695.060178798268
1051,1085,2884.1174333008703,9622.871899319412
1051,1086,4044.932746558093,13495.937860249478
1051,1088,2990.9287702827364,9979.248446717895
1051,1089,577.4383000572442,1926.6257077653333
1051,1090,2077.4550527474717,6931.438927680206
1051,1091,3053.4499957371168,10187.850820736832
1051,1092,1729.4616682508463,5770.357301059666
1051,1093,571.7277641544094,1907.5724768410464
1051,1094,3211.089970696087,10713.817366941557
1051,2001,1149.8280384648829,3836.4068649346923
1052,100003,1499.45396143863,5002.935464155814
1052,1000032,1499.2916504286281,5002.393912678381
1052,1054,999.3893352497814,3334.4673970671106
1052,1055,1529.367393213939,5102.741775341065
1052,1056,2312.777184960756,7716.592370884997
1052,1057,3216.453636752441,10731.7132649293
1052,1058,1730.140286960858,5772.621515699307
1052,1059,2515.999370587759,8394.644185561003
1052,1065,1525.5780109882942,5090.098483041692
1052,1066,1154.367732629425,3851.55357668196
1052,1071,2518.5384913181297,8403.115974276381
1052,1072,579.3300331253336,1932.9374843843236
1052,1073,2886.231879527873,9629.926759480622
1052,1074,1528.5260172774292,5099.93452042047
1052,1075,576.3327210257977,1922.9369379283833
1052,1076,3052.5308055482424,10184.783938183258
1052,1077,1001.856763076439,3342.6999820591745
1052,1078,2307.258198968421,7698.178247172427
1052,1081,2516.084183421135,8394.927163993701
1052,1082,2515.7134622691037,8393.690251059723
1052,1083,2001.118327011174,6676.741069509726
1052,1084,2886.141740038767,9629.62600863507
1052,1085,3213.2562504640055,10721.045169965137
1052,1086,3513.1267688860876,11721.56461894458
1052,1088,3504.8206346021475,11693.85116134746
1052,1089,1001.3908755391174,3341.1455460159773
1052,1090,2643.8279560073497,8821.144884998926
1052,1091,3212.006466215316,10716.8752587167
1052,1092,2309.2796544279777,7704.922843183982
1052,1093,1151.5351363510365,3842.102605367582
1052,1094,3461.3963963988585,11548.965978542148
1052,2001,1522.766449537814,5080.717694533344
1054,100003,1125.4422957793083,3755.043715388981
1054,1000032,1118.245441021782,3731.0313743483384
1054,1055,2517.433434653039,8399.428947317328
1054,1056,3217.4172695738425,10734.928430543312
1054,1057,4164.879711317603,13896.141493869183
1054,1058,997.7383228271831,3328.9587860572374
1054,1059,3054.9085386336856,10192.717256233282
1054,1065,576.2619088921288,1922.7006728986216
1054,1066,1526.380699441329,5092.77665698476
1054,1071,3216.5436706663877,10732.013663522817
1054,1072,1528.4719896870863,5099.754257101476
1054,1073,3054.8661571106513,10192.57585007473
1054,1074,2083.995311557346,6953.260533135358
1054,1075,576.325599224952,1922.9131760050857
1054,1076,2515.544905341584,8393.127860047993
1054,1077,1733.9368643168646,5785.288814586265
1054,1078,2516.2497481792225,8395.479571617512
1054,1081,2309.1574578874,7704.515133829661
1054,1082,2080.8370908672787,6942.723114381393
1054,1083,1728.1774858164886,5766.072620096784
1054,1084,2081.1959648166244,6943.920499065764
1054,1085,3213.064332263673,10720.40483395259
1054,1086,4509.8782589496805,15047.230832667407
1054,1088,3048.8704277345078,10172.571069734153
1054,1089,1000.6535335759326,3338.6854009553795
1054,1090,1730.360199616542,5773.355255348828
1054,1091,3511.4240281956836,11715.883416316585
1054,1092,1526.7657381982347,5094.061340677316
1054,1093,577.1542793395887,1925.678071254006
1054,1094,3603.034435527365,12021.541987711267
1054,2001,1525.254189185855,5089.018050016635
1055,100003,2867.7105288428256,9568.130182480427
1055,1000032,2870.994828230974,9579.08826342618
1055,1056,997.3809328601586,3327.7663526871293
1055,1057,1730.0416326452962,5772.292355093708
1055,1058,3215.6684156301,10729.093370820383
1055,1059,2649.22291408443,8839.14518896662
1055,1065,3054.9330058056917,10192.798891072152
1055,1066,2086.3741807542574,6961.197641826843
1055,1071,2315.008286416487,7724.0364517864855
1055,1072,1158.038665791,3863.8016631006776
1055,1073,3516.097881031897,11731.477749126978
1055,1074,2002.6767326450865,6681.940697516952
1055,1075,2000.504383480076,6674.69264392034
1055,1076,4359.6000126987565,14545.826730244313
1055,1077,1531.3028262972675,5109.199357274287
1055,1078,3000.994551811949,10012.832975941203
1055,1081,3609.3882352202013,12042.741471411942
1055,1082,3789.1906565716645,12642.653128224181
1055,1083,3223.1478989518923,10754.048703445771
1055,1084,4361.382424725673,14551.773756675617
1055,1085,4004.177082458017,13359.956387970153
1055,1086,2000.4862545216356,6674.63215656198
1055,1088,4722.901453652511,15757.983761983121
1055,1089,2313.9105627566937,7720.3738914354135
1055,1090,4163.807874135165,13892.56530387621
1055,1091,3605.4053577076456,12029.452581142958
1055,1092,3789.0859360116124,12642.303727564218
1055,1093,2644.8978361133345,8824.714545196757
1055,1094,4044.0461461082514,13492.979713519322
1055,2001,2644.4998116294128,8823.386534562602
1056,100003,3764.136357760303,12559.059337900231
1056,1000032,3766.043875460561,12565.423780021529
1056,1057,999.5251515719855,3334.920548889334
1056,1058,4042.900166407031,13489.156146650395
1056,1059,3605.1951750407356,12028.751305648493
1056,1065,3787.596857867532,12637.335411065342
1056,1066,3058.226171690217,10203.786555126362
1056,1071,3215.695938793965,10729.185201991015
1056,1072,2085.1622484665313,6957.1540238309935
1056,1073,4510.505828787277,15049.324722494963
1056,1074,3000.0337732847274,10009.627333693657
1056,1075,2649.405270952332,8839.753623546821
1056,1076,5291.66881126871,17655.678827953798
1056,1077,2518.6580223462256,8403.514790135292
1056,1078,3998.359040997194,13340.544464226688
1056,1081,4584.8428302166485,15297.350490750754
1056,1082,4728.1550728508255,15775.512488091657
1056,1083,4170.176531472379,13913.814360179902
1056,1084,5198.916397804931,17346.20994752297
1056,1085,5001.549286509231,16687.693616943616
1056,1086,1731.0468686627178,5775.646329974389
1056,1088,5682.084994965669,18958.304331256273
1056,1089,3218.951040020025,10740.045863126385
1056,1090,4934.2368238491545,16463.105256592316
1056,1091,4578.652490765597,15276.696392944965
1056,1092,4622.050231226831,15421.493165904523
1056,1093,3464.2893638574706,11558.618378594132
1056,1094,5032.670622793032,16791.53010741963
1056,2001,3603.129484202448,12021.859118079803
1057,100003,4597.75001105171,15340.415362632546
1057,1000032,4601.0204729102215,15351.327274593095
1057,1058,4932.89701146446,16458.634966028494
1057,1059,3997.0314505187475,13336.114952112745
1057,1065,4726.017412491092,15768.380173863234
1057,1066,3787.3249669440834,12636.428245671616
1057,1071,3510.0193500089144,11711.196700687402
1057,1072,2888.044638442592,9635.975038451263
1057,1073,5031.95916593259,16789.156328130728
1057,1074,3602.7761721256015,12020.680290610186
1057,1075,3607.8586709106276,12037.638072624208
1057,1076,6080.594657284188,20287.933765499944
1057,1077,3214.1560018875875,10724.047194983392
1057,1078,4578.222858961871,15275.262924333945
1057,1081,5291.5842660549215,17655.396742435158
1057,1082,5507.984565051904,18377.417396718673
1057,1083,4938.965520477138,16478.882575981752
1057,1084,6083.952733420765,20299.138002927084
1057,1085,5567.131419076256,18574.76116398431
1057,1086,997.8732897307152,3329.409103789914
1057,1088,6422.824332531056,21429.784748064547
1057,1089,4043.930094914723,13492.592508145437
1057,1090,5859.454076192936,19550.09713686216
1057,1091,4992.683884039226,16658.114158312786
1057,1092,5509.449621504584,18382.305564726892
1057,1093,4357.334460864922,14538.267705488062
1057,1094,5504.68206637595,18366.398593760292
1057,2001,4354.5046208745725,14528.825930542185
1058,100003,571.937922426027,1908.2736709404987
1058,1000032,561.7327246155418,1874.2239786139558
1058,1059,2888.556689616979,9637.683499694946
1058,1065,574.5216238349955,1916.8942033077055
1058,1066,1526.475475864909,5093.092878984828
1058,1071,3217.6921298983843,10735.845503358287
1058,1072,2080.913788395377,6942.979016058408
1058,1073,2518.7112405398916,8403.692352898322
1058,1074,2085.6234364340557,6958.692779736614
1058,1075,1524.1730555333932,5085.410842306033
1058,1076,1529.2011833928195,5102.187215461298
1058,1077,2001.5890322393857,6678.311579802103
1058,1078,2084.7518084726535,6955.784588787247
1058,1081,1529.7031519255625,5103.862035921901
1058,1082,1156.3000380926223,3858.0007232953412
1058,1083,994.0054210983963,3316.5039412114256
1058,1084,1156.0348524836957,3857.115930216259
1058,1085,2517.278384270798,8398.91162095987
1058,1086,5131.440598271113,17121.076612894864
1058,1088,2078.286237250779,6934.212178834154
1058,1089,998.8312583644946,3332.605370814268
1058,1090,999.53998680443,3334.9700467148255
1058,1091,3058.537913383779,10204.826682809164
1058,1092,579.1641812526046,1932.3841188011108
1058,1093,578.6201853910733,1930.5690739527863
1058,1094,2999.9398671523404,10009.314015424407
1058,2001,1157.0683801750872,3860.5643004052904
1059,100003,2317.5284597635473,7732.445022464929
1059,1000032,2327.9518971187954,7767.222872098234
1059,1065,3213.538403946808,10721.98657643826
1059,1066,1528.5307028522523,5099.950153863747
1059,1071,577.1268778050456,1925.586645900202
1059,1072,2078.5142646922104,6934.972993505947
1059,1073,1156.0093750921744,3857.0309247750433
1059,1074,997.9649690845866,3329.714992401775
1059,1075,2998.2443002058717,10003.656748028081
1059,1076,2997.988354487889,10002.802783890253
1059,1077,1525.1866369405418,5088.792661620291
1059,1078,997.6892911367745,3328.795191582768
1059,1081,2001.6035244303503,6678.359933068022
1059,1082,2518.6552566593946,8403.505562407676
1059,1083,2093.1244652036344,6983.719998853747
1059,1084,3607.9400878409824,12037.909720609894
1059,1085,1734.5710995568904,5787.404943561574
1059,1086,3603.2833681244115,12022.372552536848
1059,1088,3051.590968229687,10181.648166380684
1059,1089,2081.5608956744454,6945.138092654836
1059,1090,3787.219045487335,12636.07483821396
1059,1091,995.6811991260054,3322.0951827833474
1059,1092,3218.5562365981737,10738.728599581556
1059,1093,2643.872116255436,8821.2922258823
1059,1094,1527.7654295005502,5097.396815588973
1059,2001,1731.4958070598957,5777.144215128735
1065,100003,978.1479132794793,3263.5952889415876
1065,1000032,967.967019854499,3229.626688315959
1065,1066,1729.319800336248,5769.88395806987
1065,1071,3464.9183284031383,11560.71692187198
1065,1072,1999.18078703603,6670.276457921675
1065,1073,2999.0461629238052,10006.332166901951
1065,1074,2310.9586070410264,7710.524676775724
1065,1075,1152.5855219973919,3845.6072222056673
1065,1076,2081.2736644012007,6944.179744109108
1065,1077,2082.0839028552623,6946.883108667469
1065,1078,2516.20860972138,8395.342312952042
1065,1081,2080.8342817314883,6942.713741686112
1065,1082,1730.8051754824978,5774.8399194984
1065,1083,1519.991765718157,5071.45994842031
1065,1084,1527.629427178267,5096.943043176577
1065,1085,3052.7152020922294,10185.399178152678
1065,1086,5032.440262991604,16790.761510817323
1065,1088,2640.0173848651075,8808.430895775862
1065,1089,1153.0910634871816,3847.2939638549033
1065,1090,1154.105616281716,3850.6790242079173
1065,1091,3511.6505722617103,11716.639281699094
1065,1092,999.0675658192492,3333.393811790944
1065,1093,578.4066636891383,1929.8566577516563
1065,1094,3508.6849558049526,11706.744487910053
1065,2001,1525.9203684547238,5091.240760400161
1066,100003,990.5916546902664,3305.1138929213193
1066,1000032,998.6883703903836,3332.1286243909267
1066,1071,1735.600076709782,5790.8381308566795
1066,1072,999.1042878043314,3333.516334873483
1066,1073,1731.879393566134,5778.4240533798475
1066,1074,581.6547436976681,1940.6938925604518
1066,1075,1525.4277275443108,5089.597061597009
1066,1076,2305.378106088674,7691.905308098682
1066,1077,579.4589403935364,1933.3675841141353
1066,1078,1152.9009010574155,3846.6594859794277
1066,1081,1526.620263157148,5093.575962492378
1066,1082,1730.9177645728869,5775.215573548256
1066,1083,1160.0398712613287,3870.478694924291
1066,1084,2515.9015925957833,8394.317948813328
1066,1085,2080.58971322892,6941.897737683069
1066,1086,3787.5137698949693,12637.05818763917
1066,1088,2638.2089348444333,8802.396993451244
1066,1089,576.2341115249947,1922.6079268474448
1066,1090,2514.8834486595993,8390.920906598665
1066,1091,2080.3425122755625,6941.072950495111
1066,1092,2000.758062340122,6675.539044675594
1066,1093,1150.9206658058583,3840.0524213931426
1066,1094,2307.052926564755,7697.493354795253
1066,2001,571.5098996325436,1906.8455708000113
1071,100003,2649.8811937981295,8841.34154244575
1071,1000032,2659.704436253397,8874.116838864527
1071,1072,1999.4291549794907,6671.105138777809
1071,1073,1733.1278465814344,5782.589522961578
1071,1074,1153.9650777475895,3850.210116702556
1071,1075,3055.8028895735406,10195.701262511213
1071,1076,3510.6676872746016,11713.35988114019
1071,1077,1527.5003122818014,5096.512250694053
1071,1078,1525.583667973671,5090.117357601025
1071,1081,2518.9223600661057,8404.396754228428
1071,1082,3002.9034459511017,10019.202010557594
1071,1083,2529.04051112413,8438.156014640337
1071,1084,4044.915498107841,13495.880310710989
1071,1085,2311.689941745865,7712.964778589518
1071,1086,3053.5913797551566,10188.3225492034
1071,1088,3602.270261172807,12018.99231624583
1071,1089,2311.8336013705657,7713.44409962882
1071,1090,4165.811192537775,13899.2493855087
1071,1091,1521.7877117344588,5077.452131073283
1071,1092,3610.7305088682538,12047.219973992977
1071,1093,2886.5152916456204,9630.872365395386
1071,1094,2081.3777702637262,6944.527093827773
1071,2001,2081.740704262901,6945.738024888222
1072,100003,1709.7985959039154,5704.751364159583
1072,1000032,1713.17378982694,5716.012715164787
1072,1073,2643.3746542595886,8819.632441504056
1072,1074,1152.441085366623,3845.125308681824
1072,1075,1155.6559966789425,3855.851875973752
1072,1076,3211.227432749042,10714.276009752466
1072,1077,576.3046333953945,1922.843223412391
1072,1078,2076.9701654780697,6929.821098938148
1072,1081,2515.214514889933,8392.025510692765
1072,1082,2644.682285200436,8823.99535852334
1072,1083,2085.039942159622,6956.745948240771
1072,1084,3214.642628839013,10725.670828183016
1072,1085,3052.536579619809,10184.803203401236
1072,1086,3055.377097708399,10194.280605874033
1072,1088,3597.8588519192913,12004.273627730616
1072,1089,1155.8901443415807,3856.633110793485
1072,1090,3054.258243925847,10190.547544765199
1072,1091,2881.157518832318,9612.996130241861
1072,1092,2646.7945373628836,8831.042898177448
1072,1093,1524.8600903696051,5087.703137391838
1072,1094,3210.115539505393,10710.56617251567
1072,2001,1521.5128553314955,5076.535071342677
1073,100003,2021.2553148756342,6743.9282278481705
1073,1000032,2031.3716290501843,6777.681359489398
1073,1074,1528.3783447971907,5099.441810469072
1073,1075,3212.7323301971483,10719.297107436469
1073,1076,2078.672178499053,6935.499873693569
1073,1077,2080.588294936074,6941.8930055420615
1073,1078,579.019805567996,1931.9024086244292
1073,1081,1155.2441913573944,3854.477885507566
1073,1082,1733.4164708589221,5783.5525192727655
1073,1083,1536.9609185594147,5128.077609735337
1073,1084,2888.702847305171,9638.171155535285
1073,1085,578.5639849117814,1930.3815607792028
1073,1086,4724.997170090476,15764.976130111752
1073,1088,1996.2783065679996,6660.592317667313
1073,1089,2080.3239204301813,6941.010918712213
1073,1090,3215.9264172261464,10729.95419440541
1073,1091,580.8939184067949,1938.1553952623528
1073,1092,2649.56960272796,8840.301917318635
1073,1093,2515.5386541518296,8393.107002922852
1073,1094,575.1825320504788,1919.0993267958725
1073,2001,1529.6277084535961,5103.610318409296
1074,100003,1528.5400419269363,5099.9813137320325
1074,1000032,1537.7354493003666,5130.6618353345475
1074,1075,2000.2907240571308,6673.979768212386
1074,1076,2645.9674043081104,8828.283164701315
1074,1077,576.1434048828468,1922.3052836929987
1074,1078,998.3318933946766,3330.9392371540775
1074,1081,1735.2114256251311,5789.541394614964
1074,1082,2085.434982261974,6958.0640014712435
1074,1083,1539.8556857504536,5137.736014603353
1074,1084,3004.436278661606,10024.316314380994
1074,1085,2001.5501174224942,6678.1817403255245
1074,1086,3461.0735487663364,11547.888795839777
1074,1088,2883.6694972158307,9621.377358384412
1074,1089,1157.8848465857907,3863.288444571399
1074,1090,3058.3979272118922,10204.359618263112
1074,1091,1728.765279025756,5768.033795009691
1074,1092,2522.6212147797773,8416.738001042058
1074,1093,1732.553505658339,5780.6732316671705
1074,1094,2080.333749562555,6941.043713660375
1074,2001,1000.1732516009414,3337.08293780061
1075,100003,1495.5252216004249,4989.827204501654
1075,1000032,1491.3612879426637,4975.934219520095
1075,1076,2997.0510277210833,9999.67538855585
1075,1077,1528.3054544066117,5099.198611324982
1075,1078,2642.9764033025344,8818.30367524119
1075,1081,2643.9355172978408,8821.503763769872
1075,1082,2514.37904896716,8389.237974561864
1075,1083,2078.653041960827,6935.436024540333
1075,1084,2644.13772978735,8822.17844672852
1075,1085,3461.2265319942585,11548.399225126754
1075,1086,4000.96631094502,13349.243633138878
1075,1088,3503.931542401193,11690.884700877548
1075,1089,1154.53835562358,3852.1228611351075
1075,1090,2306.68385475535,7696.261944901
1075,1091,3602.478332807014,12019.686548269372
1075,1092,2079.948884952224,6939.759611008715
1075,1093,996.8885866464719,3326.1236371410428
1075,1094,3781.834568366787,12618.109504008917
1075,2001,1726.9171290768413,5761.867433680644
1076,100003,1553.2081605461,5182.286611959003
1076,1000032,1553.650347403173,5183.761970566819
1076,1077,2884.8209631519594,9625.219230102899
1076,1078,2000.3031745837932,6674.021309455391
1076,1081,996.3849475283135,3324.4432427640436
1076,1082,574.4689470502301,1916.7184469581155
1076,1083,1145.420420871306,3821.7008273113784
1076,1084,1003.9528532022806,3349.6935969992282
1076,1085,1727.0622097090193,5762.351495918333
1076,1086,6079.980961448893,20285.886166348813
1076,1088,571.9625052798478,1908.35569175231
1076,1089,2077.5887895948035,6931.885141324365
1076,1090,1531.1855537292013,5108.808076778293
1076,1091,2647.3003307165586,8832.730480171766
1076,1092,1158.0226030686968,3863.7480697492783
1076,1093,2000.184291756637,6673.624656322081
1076,1094,2304.794406357756,7689.957791096275
1076,2001,1733.874092929184,5785.079377544756
1077,100003,1515.4529272999541,5056.316091874882
1077,1000032,1521.9910525903233,5078.130578831787
1077,1078,1523.9858195734632,5084.786128611457
1077,1081,2082.0876333502392,6946.895555482176
1077,1082,2310.3663490078798,7708.548604956142
1077,1083,1739.4969708481817,5803.840137177938
1077,1084,3057.0691927694406,10199.926289307678
1077,1085,2515.7057677121147,8393.664578132757
1077,1086,3213.695781969103,10722.51166897812
1077,1088,3208.672228445125,10705.750558115415
1077,1089,1002.764869904705,3345.729884925959
1077,1090,3001.1082751263743,10013.212414335092
1077,1091,2304.857879676966,7690.169570135759
1077,1092,2520.00665779934,8408.014518909979
1077,1093,1526.5253072009648,5093.259141480904
1077,1094,2642.60268067922,8817.056747883618
1077,2001,1150.9658909759228,3840.203315393897
1078,100003,1545.304202694408,5155.9150179919
1078,1000032,1555.867476791645,5191.159433597672
1078,1081,1003.9189604848591,3349.5805137820535
1078,1082,1531.67526769123,5110.442009803869
1078,1083,1167.3647329926496,3894.918131858056
1078,1084,2650.092108446233,8842.045260199042
1078,1085,1003.23022679393,3347.28255045919
1078,1086,4354.646441288547,14529.299115045918
1078,1088,2080.3356430263843,6941.0500312116865
1078,1089,1525.8905186067577,5091.141166236667
1078,1090,2889.813280801547,9641.876122318175
1078,1091,1000.0348978200709,3336.621319735156
1078,1092,2315.083171728394,7724.286306995326
1078,1093,1998.874737032814,6669.255320591506
1078,1094,1154.1995607762117,3850.9924704725317
1078,2001,1001.5496951529666,3341.6754484331
1081,100003,1183.798154062592,3949.7483215021175
1081,1000032,1190.9620434904716,3973.6506735594253
1081,1082,578.1731514503247,1929.077543026617
1081,1083,581.1015164409744,1938.8480471170913
1081,1084,1733.459779807423,5783.697019790915
1081,1085,998.4970172263911,3331.4901736248908
1081,1086,5196.273520975008,17337.3919760748
1081,1088,1148.45901615382,3831.8391153089106
1081,1089,1525.6266585259316,5090.260795788565
1081,1090,2082.76552032676,6949.157328689452
1081,1091,1736.121048668266,5792.576356340062
1081,1092,1530.9632037554006,5108.066205004975
1081,1093,1732.0268703703762,5778.916110457329
1081,1094,1525.7589502450905,5090.702187755517
1081,2001,1004.6066349721168,3351.8749430666953
1082,100003,1029.0286587214177,3433.3591445586885
1082,1000032,1031.4553154397918,3441.455696548879
1082,1083,570.9596088463703,1905.009522904881
1082,1084,1155.2866776484527,3854.619641225143
1082,1085,1526.861973099075,5094.382428893883
1082,1086,5507.959050687106,18377.33226791594
1082,1088,994.0394371628321,3316.6174359765155
1082,1089,1525.3591886093584,5089.368381105866
1082,1090,1527.8959579905957,5097.832324533378
1082,1091,2314.28957207887,7721.638457889553
1082,1092,1002.4919840781771,3344.81940003325
1082,1093,1527.9288424795836,5097.9420437914605
1082,1094,2080.938599886359,6943.061799719223
1082,2001,1159.4111132596581,3868.3808407815
1083,100003,603.0783401499344,2012.1738267346047
1083,1000032,610.1142816530357,2035.6492799161206
1083,1084,1518.4540685888396,5066.329414439786
1083,1085,1532.7808551355279,5114.1308077103395
1083,1086,4940.434593725941,16483.784146049853
1083,1088,1517.5055911794857,5063.164814932073
1083,1089,999.7543435209471,3335.685248946186
1083,1090,1722.465594863944,5747.014868042523
1083,1091,2093.624685164225,6985.388985194825
1083,1092,1147.733426187022,3829.418180841642
1083,1093,1151.078917883131,3840.580430221706
1083,1094,2005.9840814091724,6692.975682818069
1083,2001,588.5468073365108,1963.6892965453153
1084,100003,1542.100848981674,5145.2270126874255
1084,1000032,1535.9284818105953,5124.632879481525
1084,1085,2645.697493915735,8827.382607359184
1084,1086,6245.846466227456,20839.297232961777
1084,1088,1526.0578721172403,5091.699542041577
1084,1089,2080.6200683380425,6941.999017652879
1084,1090,578.1911639138046,1929.1376416989729
1084,1091,3469.5727716571964,11576.246494516736
1084,1092,576.8756643064431,1924.748470835442
1084,1093,1734.6395372575248,5787.633286283922
1084,1094,3214.591717156162,10725.500961104583
1084,2001,2004.2696780837653,6687.255567751437
1085,100003,2106.583239055604,7028.625263529876
1085,1000032,2115.403997145935,7058.0557659699225
1085,1086,5291.566672847466,17655.338042612577
1085,1088,1522.7019799694885,5080.502591503821
1085,1089,2306.692375273955,7696.290373652932
1085,1090,3054.7557316283087,10192.207414913688
1085,1091,1007.8123470810426,3362.57081717158
1085,1092,2518.4988673741746,8402.983768793893
1085,1093,2643.906208477336,8821.405974747142
1085,1094,577.7357492357557,1927.618148401878
1085,2001,1734.333455699336,5786.612043670431
1086,100003,4709.351228500376,15712.773369597435
1086,1000032,4714.693431901697,15730.597657331858
1086,1088,6344.722561617411,21169.197808041154
1086,1089,4165.227806591256,13897.30291544947
1086,1090,6109.627614867702,20384.802370244925
1086,1091,4575.3710038597965,15265.7476958603
1086,1092,5688.095304419135,18978.357758096034
1086,1093,4580.216212206035,15281.913757166623
1086,1094,5129.602548629572,17114.943951290687
1086,2001,4354.693833681308,14529.457239995781
1088,100003,2023.0427192288848,6749.891911200665
1088,1000032,2025.4106508167672,6757.792526506216
1088,1089,2508.1707394402,8368.52391951006
1088,1090,2080.110026906029,6940.297261924439
1088,1091,2518.933924641534,8404.435339490816
1088,1092,1729.9822931781703,5772.094368671887
1088,1093,2511.6137134794435,8380.011419203996
1088,1094,2078.0676945965934,6933.483010201324
1088,2001,2079.9340696341797,6939.7101796277175
1089,100003,554.2125745352589,1849.1329611502886
1089,1000032,557.9337089493697,1861.5485442932243
1089,1090,1998.3462457890023,6667.492006975912
1089,1091,2515.0757034797184,8391.56236574477
1089,1092,1527.7884271763546,5097.4735474465915
1089,1093,574.7045241530642,1917.5044511120418
1089,1094,2642.0226357406555,8815.121425113744
1089,2001,572.3937015979474,1909.7943803731755
109,100003,2051.952415439744,6846.349253773899
109,1000032,2052.796068484154,6849.16410627612
109,1010,1011.6984888952835,3375.536948310779
109,1011,3994.377056696826,13327.25855416453
109,1012,3506.6608896461603,11699.99118128775
109,1013,3211.9661336200293,10716.740688815584
109,1014,2876.1447854188423,9596.271120730682
109,1016,2520.008512751693,8408.020707967562
109,1017,2980.91611846241,9945.841185027715
109,1018,2630.5341518400783,8776.790042481338
109,1019,2072.0467270995605,6913.39402274716
109,1020,3046.372364836249,10164.236270676101
109,1022,3206.0279433637193,10696.927888029293
109,1023,2004.2217754432766,6687.0957403575385
109,1024,4032.289923053773,13453.755017892556
109,1029,2070.9192167511023,6909.63207896391
109,1030,569.1279160285497,1898.8980708740883
109,1032,1988.6263940260371,6635.061674106857
109,1033,1515.464570382957,5056.354939078174
109,1034,1988.5936144976931,6634.952305050476
109,1035,2296.738895910678,7663.080541154637
109,1037,995.5963130451016,3321.8119599599145
109,1038,2647.3044671344473,8832.74428135025
109,1039,1997.7138222803585,6665.381922851205
109,1040,1011.509670551399,3374.9069549844107
109,1041,2509.965117721161,8374.510871406414
109,1042,1510.224076987915,5038.8700072763495
109,1043,1536.3420460073335,5126.012738443371
109,1044,2635.279437761013,8792.622712127712
109,1045,3777.884568454812,12604.93031001481
109,1046,2644.6545934730307,8823.902964939633
109,1047,3502.8094651323813,11687.140884591066
109,1048,586.8620263554287,1958.0680165751692
109,1049,986.5531402180018,3291.6393696645905
109,1051,1157.2026024810868,3861.012133784665
109,1052,577.4510253978253,1926.66816592632
109,1054,1530.9814557119887,5108.127102747255
109,1055,994.7844771733221,3319.103265609537
109,1056,1735.4980866546641,5790.497840539763
109,1057,2645.4617059823418,8826.59589976807
109,1058,2307.4974441936006,7698.976490034472
109,1059,2632.849810644542,8784.516249389764
109,1065,2082.7530777886273,6949.115814100215
109,1066,1519.3701161023932,5069.385811441807
109,1071,2505.6467098252297,8360.102482374905
109,1072,568.4926424273228,1896.7784774015613
109,1073,3204.172230295681,10690.736292316358
109,1074,1720.901967774748,5741.797818624249
109,1075,1005.8883445303459,3356.151373266299
109,1076,3599.3959398046222,12009.402128965603
109,1077,1144.7800375639854,3819.564185279519
109,1078,2633.399987946001,8786.351918642593
109,1081,2993.2183864187054,9986.887762135722
109,1082,3050.133785184676,10176.786268035597
109,1083,2513.955374807795,8387.824383660347
109,1084,3463.487305738683,11555.942307764359
109,1085,3595.756105589616,11997.257804333969
109,1086,2995.14699864581,9993.322586248849
109,1088,4029.705126616835,13445.130831959184
109,1089,1524.7961704300021,5087.489868201233
109,1090,3214.4876292456,10725.153671282733
109,1091,3449.6220849672795,11509.680930956863
109,1092,2886.6374611658457,9631.279984596169
109,1093,1728.879189449049,5768.413857693232
109,1094,3773.335501286097,12589.75232519335
109,2001,1988.6263940260371,6635.061674106857
1090,100003,1530.4294056329418,5106.2851849628605
1090,1000032,1521.491913368257,5076.465198380072
1090,1091,3790.0107897926887,12645.389506720829
1090,1092,574.7324384137371,1917.5975871790818
1090,1093,1529.4182567371815,5102.911481734729
1090,1094,3605.0374300083213,12028.224988577576
1090,2001,2084.0749810239554,6953.526350699725
1091,100003,2536.19977147444,8462.042921757731
1091,1000032,2546.6335332430535,8496.855218846644
1091,1092,3220.9547989330736,10746.7314145241
1091,1093,2998.8975944326608,10005.83646740579
1091,1094,583.6053004779858,1947.2019347825274
1091,2001,2001.5696785960263,6678.2470062765315
1092,100003,1010.9740080481793,3373.1197144267844
1092,1000032,1003.3651223228759,3347.7326300502114
1092,1093,1157.7749143767107,3862.9216552190055
1092,1094,3056.7187531920567,10198.757045946544
1092,2001,1532.884401729302,5114.476291426084
1093,100003,548.3561456799769,1829.5929576777678
1093,1000032,541.2009127172644,1805.7194879587603
1093,1094,3051.838719274005,10182.474788949818
1093,2001,997.328288826202,3327.5907056107726
1094,100003,2537.8156651941845,8467.43435904405
1094,1000032,2547.4953044357117,8499.730522638967
1094,2001,2081.802759413341,6945.945072200679
2001,100003,586.4249233789436,1956.6096203597583
2001,1000032,596.9367831998628,1991.6824919815415
